axis,key,label,count,status,notice
"training_type","strength","Musculação","207","okWithResults","Eixo coberto por exercicios."
"training_type","cardio","Cardio","65","okWithResults","Eixo coberto por exercicios."
"training_type","martial_arts","Artes marciais","232","okWithResults","Eixo coberto por exercicios."
"training_type","mobility","Mobilidade","193","okWithResults","Eixo coberto por exercicios."
"training_type","elasticity","Elasticidade","132","okWithResults","Eixo coberto por exercicios."
"training_type","recovery","Recuperação","122","okWithResults","Eixo coberto por exercicios."
"training_type","warmup","Aquecimento","131","okWithResults","Eixo coberto por exercicios."
"training_type","activation","Ativação","52","okWithResults","Eixo coberto por exercicios."
"training_type","prevention","Prevenção","44","okWithResults","Eixo coberto por exercicios."
"location","place_home_no_equipment","Casa sem equipamento","69","okWithResults","Eixo coberto por exercicios."
"location","place_home_equipped","Casa equipada","71","okWithResults","Eixo coberto por exercicios."
"location","place_gym","Ginasio","90","okWithResults","Eixo coberto por exercicios."
"location","place_dojo","Dojo","71","okWithResults","Eixo coberto por exercicios."
"location","place_tatami","Tatami","71","okWithResults","Eixo coberto por exercicios."
"location","place_outdoor","Exterior","73","okWithResults","Eixo coberto por exercicios."
"location","place_work_travel","Trabalho ou viagem","69","okWithResults","Eixo coberto por exercicios."
"location","place_clinic","Clinica ou fisioterapia","69","okWithResults","Eixo coberto por exercicios."
"equipment","bodyweight","Peso corporal","610","okWithResults","Eixo coberto por exercicios."
"equipment","floor","Chão livre","0","okEmptyWithExplicitNotice","Sem conteudo especifico; a UI deve mostrar aviso/fallback."
"equipment","wall","Parede estável","0","okEmptyWithExplicitNotice","Sem conteudo especifico; a UI deve mostrar aviso/fallback."
"equipment","free_space","Espaço livre","2","okWithResults","Eixo coberto por exercicios."
"equipment","mat","Tapete / colchonete","146","okWithResults","Eixo coberto por exercicios."
"equipment","chair_support","Banco / cadeira / apoio","77","okWithResults","Eixo coberto por exercicios."
"equipment","bench","Banco estável","0","okEmptyWithExplicitNotice","Sem conteudo especifico; a UI deve mostrar aviso/fallback."
"equipment","weighted_backpack","Mochila com peso","2","okWithResults","Eixo coberto por exercicios."
"equipment","water_bottles","Garrafas de água","0","okEmptyWithExplicitNotice","Sem conteudo especifico; a UI deve mostrar aviso/fallback."
"equipment","water_jug","Garrafão de água","1","okWithResults","Eixo coberto por exercicios."
"equipment","stable_step","Degrau / escada estável","7","okWithResults","Eixo coberto por exercicios."
"equipment","sturdy_table","Mesa resistente","1","okWithResults","Eixo coberto por exercicios."
"equipment","broomstick","Cabo de vassoura","9","okWithResults","Eixo coberto por exercicios."
"equipment","towel","Toalha","0","okEmptyWithExplicitNotice","Sem conteudo especifico; a UI deve mostrar aviso/fallback."
"equipment","none","Nenhum equipamento","0","okEmptyWithExplicitNotice","Sem conteudo especifico; a UI deve mostrar aviso/fallback."
"equipment","other","Outro","0","okEmptyWithExplicitNotice","Sem conteudo especifico; a UI deve mostrar aviso/fallback."
"equipment","dumbbells","Halteres","75","okWithResults","Eixo coberto por exercicios."
"equipment","barbell","Barra","26","okWithResults","Eixo coberto por exercicios."
"equipment","plates","Discos","2","okWithResults","Eixo coberto por exercicios."
"equipment","kettlebell","Kettlebell","2","okWithResults","Eixo coberto por exercicios."
"equipment","medicine_ball","Medicine ball","0","okEmptyWithExplicitNotice","Sem conteudo especifico; a UI deve mostrar aviso/fallback."
"equipment","sandbag","Saco de areia","0","okEmptyWithExplicitNotice","Sem conteudo especifico; a UI deve mostrar aviso/fallback."
"equipment","weighted_vest","Colete com peso","0","okEmptyWithExplicitNotice","Sem conteudo especifico; a UI deve mostrar aviso/fallback."
"equipment","ankle_weights","Tornozeleiras com peso","0","okEmptyWithExplicitNotice","Sem conteudo especifico; a UI deve mostrar aviso/fallback."
"equipment","pullup_bar","Barra fixa","13","okWithResults","Eixo coberto por exercicios."
"equipment","parallel_bars","Paralelas","2","okWithResults","Eixo coberto por exercicios."
"equipment","rings","Argolas","0","okEmptyWithExplicitNotice","Sem conteudo especifico; a UI deve mostrar aviso/fallback."
"equipment","trx","TRX / suspensão","0","okEmptyWithExplicitNotice","Sem conteudo especifico; a UI deve mostrar aviso/fallback."
"equipment","bands","Elásticos","55","okWithResults","Eixo coberto por exercicios."
"equipment","mini_bands","Mini bands","0","okEmptyWithExplicitNotice","Sem conteudo especifico; a UI deve mostrar aviso/fallback."
"equipment","ab_wheel","Roda abdominal","0","okEmptyWithExplicitNotice","Sem conteudo especifico; a UI deve mostrar aviso/fallback."
"equipment","jump_rope","Corda de saltar","12","okWithResults","Eixo coberto por exercicios."
"equipment","machine","Máquina multifunções","17","okWithResults","Eixo coberto por exercicios."
"equipment","high_cable","Cabo alto","23","okWithResults","Eixo coberto por exercicios."
"equipment","low_cable","Cabo baixo","20","okWithResults","Eixo coberto por exercicios."
"equipment","adjustable_cable","Polia ajustável","0","okEmptyWithExplicitNotice","Sem conteudo especifico; a UI deve mostrar aviso/fallback."
"equipment","lat_pulldown","Lat pulldown","0","okEmptyWithExplicitNotice","Sem conteudo especifico; a UI deve mostrar aviso/fallback."
"equipment","seated_row_machine","Remo sentado","0","okEmptyWithExplicitNotice","Sem conteudo especifico; a UI deve mostrar aviso/fallback."
"equipment","chest_press_machine","Chest press","0","okEmptyWithExplicitNotice","Sem conteudo especifico; a UI deve mostrar aviso/fallback."
"equipment","shoulder_press_machine","Shoulder press machine","0","okEmptyWithExplicitNotice","Sem conteudo especifico; a UI deve mostrar aviso/fallback."
"equipment","leg_press","Leg press","0","okEmptyWithExplicitNotice","Sem conteudo especifico; a UI deve mostrar aviso/fallback."
"equipment","leg_extension","Extensão de perna","0","okEmptyWithExplicitNotice","Sem conteudo especifico; a UI deve mostrar aviso/fallback."
"equipment","leg_curl","Curl de perna","0","okEmptyWithExplicitNotice","Sem conteudo especifico; a UI deve mostrar aviso/fallback."
"equipment","abductor_machine","Máquina abdutora","0","okEmptyWithExplicitNotice","Sem conteudo especifico; a UI deve mostrar aviso/fallback."
"equipment","adductor_machine","Máquina adutora","0","okEmptyWithExplicitNotice","Sem conteudo especifico; a UI deve mostrar aviso/fallback."
"equipment","smith_machine","Smith machine","0","okEmptyWithExplicitNotice","Sem conteudo especifico; a UI deve mostrar aviso/fallback."
"equipment","squat_rack","Rack / suporte de agachamento","0","okEmptyWithExplicitNotice","Sem conteudo especifico; a UI deve mostrar aviso/fallback."
"equipment","adjustable_bench","Banco regulável","0","okEmptyWithExplicitNotice","Sem conteudo especifico; a UI deve mostrar aviso/fallback."
"equipment","flat_bench","Banco plano","38","okWithResults","Eixo coberto por exercicios."
"equipment","incline_bench","Banco inclinado","3","okWithResults","Eixo coberto por exercicios."
"equipment","decline_bench","Banco declinado","2","okWithResults","Eixo coberto por exercicios."
"equipment","treadmill","Passadeira","24","okWithResults","Eixo coberto por exercicios."
"equipment","bike","Bicicleta","15","okWithResults","Eixo coberto por exercicios."
"equipment","elliptical","Elíptica","10","okWithResults","Eixo coberto por exercicios."
"equipment","rower","Remo ergómetro","4","okWithResults","Eixo coberto por exercicios."
"equipment","stepper","Stepper / escadas","2","okWithResults","Eixo coberto por exercicios."
"equipment","air_bike","Air bike","5","okWithResults","Eixo coberto por exercicios."
"equipment","outdoor_space","Espaço exterior para caminhar/correr","10","okWithResults","Eixo coberto por exercicios."
"equipment","tatami","Tatami / espaço de artes marciais","55","okWithResults","Eixo coberto por exercicios."
"equipment","heavy_bag","Saco de pancada","23","okWithResults","Eixo coberto por exercicios."
"equipment","gloves","Luvas","0","okEmptyWithExplicitNotice","Sem conteudo especifico; a UI deve mostrar aviso/fallback."
"equipment","shin_guards","Caneleiras","0","okEmptyWithExplicitNotice","Sem conteudo especifico; a UI deve mostrar aviso/fallback."
"equipment","pads","Paos / aparadores","0","okEmptyWithExplicitNotice","Sem conteudo especifico; a UI deve mostrar aviso/fallback."
"equipment","gi","Kimono","0","okEmptyWithExplicitNotice","Sem conteudo especifico; a UI deve mostrar aviso/fallback."
"equipment","belt","Cinto / faixa","0","okEmptyWithExplicitNotice","Sem conteudo especifico; a UI deve mostrar aviso/fallback."
"equipment","grappling_dummy","Boneco de grappling","0","okEmptyWithExplicitNotice","Sem conteudo especifico; a UI deve mostrar aviso/fallback."
"equipment","grip_trainer","Grip trainer","0","okEmptyWithExplicitNotice","Sem conteudo especifico; a UI deve mostrar aviso/fallback."
"equipment","foam_roller","Foam roller","13","okWithResults","Eixo coberto por exercicios."
"equipment","massage_ball","Bola de massagem","9","okWithResults","Eixo coberto por exercicios."
"equipment","mobility_band","Elástico de mobilidade","0","okEmptyWithExplicitNotice","Sem conteudo especifico; a UI deve mostrar aviso/fallback."
"equipment","yoga_block","Bloco de yoga","0","okEmptyWithExplicitNotice","Sem conteudo especifico; a UI deve mostrar aviso/fallback."
"equipment","mobility_roller","Rolo de mobilidade","0","okEmptyWithExplicitNotice","Sem conteudo especifico; a UI deve mostrar aviso/fallback."
"equipment","massage_gun","Pistola de massagem","0","okEmptyWithExplicitNotice","Sem conteudo especifico; a UI deve mostrar aviso/fallback."
"muscle","cervical_stabilizers","cervical stabilizers","5","okWithResults","Eixo coberto por exercicios."
"muscle","anterior_neck","anterior neck","2","okWithResults","Eixo coberto por exercicios."
"muscle","lateral_neck","lateral neck","2","okWithResults","Eixo coberto por exercicios."
"muscle","posterior_neck","posterior neck","3","okWithResults","Eixo coberto por exercicios."
"muscle","upper_traps","upper traps","4","okWithResults","Eixo coberto por exercicios."
"muscle","mid_traps","mid traps","16","okWithResults","Eixo coberto por exercicios."
"muscle","lateral_deltoid","lateral deltoid","8","okWithResults","Eixo coberto por exercicios."
"muscle","lower_traps","lower traps","5","okWithResults","Eixo coberto por exercicios."
"muscle","rhomboids","rhomboids","16","okWithResults","Eixo coberto por exercicios."
"muscle","posterior_deltoid","posterior deltoid","7","okWithResults","Eixo coberto por exercicios."
"muscle","anterior_deltoid","anterior deltoid","6","okWithResults","Eixo coberto por exercicios."
"muscle","deltoid_lateral","deltoid lateral","6","okWithResults","Eixo coberto por exercicios."
"muscle","scapular_stabilizers","scapular stabilizers","17","okWithResults","Eixo coberto por exercicios."
"muscle","teres_minor","teres minor","15","okWithResults","Eixo coberto por exercicios."
"muscle","external_rotators","external rotators","5","okWithResults","Eixo coberto por exercicios."
"muscle","serratus_anterior","serratus anterior","12","okWithResults","Eixo coberto por exercicios."
"muscle","internal_rotators","internal rotators","2","okWithResults","Eixo coberto por exercicios."
"muscle","upper_chest","upper chest","15","okWithResults","Eixo coberto por exercicios."
"muscle","mid_chest","mid chest","15","okWithResults","Eixo coberto por exercicios."
"muscle","lower_chest","lower chest","19","okWithResults","Eixo coberto por exercicios."
"muscle","pectoralis_minor","pectoralis minor","23","okWithResults","Eixo coberto por exercicios."
"muscle","lats","lats","18","okWithResults","Eixo coberto por exercicios."
"muscle","teres_major","teres major","19","okWithResults","Eixo coberto por exercicios."
"muscle","vertical_pulls","vertical pulls","6","okWithResults","Eixo coberto por exercicios."
"muscle","horizontal_rows","horizontal rows","7","okWithResults","Eixo coberto por exercicios."
"muscle","erectors","erectors","11","okWithResults","Eixo coberto por exercicios."
"muscle","quadratus_lumborum","quadratus lumborum","8","okWithResults","Eixo coberto por exercicios."
"muscle","biceps","biceps","15","okWithResults","Eixo coberto por exercicios."
"muscle","brachialis","brachialis","17","okWithResults","Eixo coberto por exercicios."
"muscle","brachioradialis","brachioradialis","6","okWithResults","Eixo coberto por exercicios."
"muscle","triceps_lateral","triceps lateral","13","okWithResults","Eixo coberto por exercicios."
"muscle","triceps_medial","triceps medial","20","okWithResults","Eixo coberto por exercicios."
"muscle","triceps_long","triceps long","15","okWithResults","Eixo coberto por exercicios."
"muscle","forearm_flexors","forearm flexors","9","okWithResults","Eixo coberto por exercicios."
"muscle","wrist","wrist","10","okWithResults","Eixo coberto por exercicios."
"muscle","general_grip","general grip","19","okWithResults","Eixo coberto por exercicios."
"muscle","forearm_extensors","forearm extensors","3","okWithResults","Eixo coberto por exercicios."
"muscle","grip_support","grip support","7","okWithResults","Eixo coberto por exercicios."
"muscle","fingers","fingers","6","okWithResults","Eixo coberto por exercicios."
"muscle","pronators","pronators","1","okWithResults","Eixo coberto por exercicios."
"muscle","supinators","supinators","1","okWithResults","Eixo coberto por exercicios."
"muscle","pinch_grip","pinch grip","2","okWithResults","Eixo coberto por exercicios."
"muscle","anti_lateral_flexion","anti lateral flexion","3","okWithResults","Eixo coberto por exercicios."
"muscle","deep_stability","deep stability","11","okWithResults","Eixo coberto por exercicios."
"muscle","anti_extension","anti extension","4","okWithResults","Eixo coberto por exercicios."
"muscle","transverse_abdominis","transverse abdominis","11","okWithResults","Eixo coberto por exercicios."
"muscle","mid_abs","mid abs","5","okWithResults","Eixo coberto por exercicios."
"muscle","external_obliques","external obliques","5","okWithResults","Eixo coberto por exercicios."
"muscle","internal_obliques","internal obliques","5","okWithResults","Eixo coberto por exercicios."
"muscle","rectus_abdominis","rectus abdominis","9","okWithResults","Eixo coberto por exercicios."
"muscle","upper_abs","upper abs","4","okWithResults","Eixo coberto por exercicios."
"muscle","lower_abs","lower abs","3","okWithResults","Eixo coberto por exercicios."
"muscle","hip_flexors","hip flexors","14","okWithResults","Eixo coberto por exercicios."
"muscle","anti_rotation","anti rotation","4","okWithResults","Eixo coberto por exercicios."
"muscle","glute_max","glute max","29","okWithResults","Eixo coberto por exercicios."
"muscle","rectus_femoris","rectus femoris","21","okWithResults","Eixo coberto por exercicios."
"muscle","vastus_lateralis","vastus lateralis","19","okWithResults","Eixo coberto por exercicios."
"muscle","vastus_medialis","vastus medialis","20","okWithResults","Eixo coberto por exercicios."
"muscle","vastus_intermedius","vastus intermedius","19","okWithResults","Eixo coberto por exercicios."
"muscle","adductors","adductors","3","okWithResults","Eixo coberto por exercicios."
"muscle","glute_med","glute med","14","okWithResults","Eixo coberto por exercicios."
"muscle","biceps_femoris","biceps femoris","11","okWithResults","Eixo coberto por exercicios."
"muscle","semitendinosus","semitendinosus","7","okWithResults","Eixo coberto por exercicios."
"muscle","semimembranosus","semimembranosus","7","okWithResults","Eixo coberto por exercicios."
"muscle","abductors","abductors","3","okWithResults","Eixo coberto por exercicios."
"muscle","glute_min","glute min","3","okWithResults","Eixo coberto por exercicios."
"muscle","calves","calves","5","okWithResults","Eixo coberto por exercicios."
"muscle","ankle","ankle","43","okWithResults","Eixo coberto por exercicios."
"muscle","feet","feet","51","okWithResults","Eixo coberto por exercicios."
"muscle","soleus","soleus","3","okWithResults","Eixo coberto por exercicios."
"muscle","ankle_stability","ankle stability","3","okWithResults","Eixo coberto por exercicios."
"muscle","tibialis_anterior","tibialis anterior","2","okWithResults","Eixo coberto por exercicios."
"muscle","obliques","obliques","1","okWithResults","Eixo coberto por exercicios."
"muscle","quadriceps","quadriceps","1","okWithResults","Eixo coberto por exercicios."
"muscle","hip_external_rotators","hip external rotators","1","okWithResults","Eixo coberto por exercicios."
"muscle","cardiovascular","cardiovascular","65","okWithResults","Eixo coberto por exercicios."
"muscle","treadmill_aerobic","treadmill aerobic","9","okWithResults","Eixo coberto por exercicios."
"muscle","treadmill_intervals","treadmill intervals","5","okWithResults","Eixo coberto por exercicios."
"muscle","treadmill_warmup","treadmill warmup","2","okWithResults","Eixo coberto por exercicios."
"muscle","treadmill_easy","treadmill easy","4","okWithResults","Eixo coberto por exercicios."
"muscle","treadmill_moderate","treadmill moderate","2","okWithResults","Eixo coberto por exercicios."
"muscle","hiit","hiit","1","okWithResults","Eixo coberto por exercicios."
"muscle","karate_technical","karate technical","50","okWithResults","Eixo coberto por exercicios."
"muscle","jiu_jitsu_technical","jiu jitsu technical","53","okWithResults","Eixo coberto por exercicios."
"muscle","mobility","mobility","195","okWithResults","Eixo coberto por exercicios."
"muscle","boxe","boxe","24","okWithResults","Eixo coberto por exercicios."
"muscle","kickboxing","kickboxing","19","okWithResults","Eixo coberto por exercicios."
"muscle","muay_thai","muay thai","20","okWithResults","Eixo coberto por exercicios."
"muscle","judo","judo","19","okWithResults","Eixo coberto por exercicios."
"muscle","taekwondo","taekwondo","17","okWithResults","Eixo coberto por exercicios."
"muscle","defesa_pessoal","defesa pessoal","24","okWithResults","Eixo coberto por exercicios."
"muscle","artes_marciais","artes marciais","4","okWithResults","Eixo coberto por exercicios."
"muscle","elasticidade","elasticidade","132","okWithResults","Eixo coberto por exercicios."
"muscle","recuperacao","recuperacao","122","okWithResults","Eixo coberto por exercicios."
"muscle","aquecimento","aquecimento","131","okWithResults","Eixo coberto por exercicios."
"muscle","ativacao","ativacao","52","okWithResults","Eixo coberto por exercicios."
"muscle","prevencao","prevencao","44","okWithResults","Eixo coberto por exercicios."
"joint","cervical_stabilizers","cervical stabilizers","5","okWithResults","Eixo coberto por exercicios."
"joint","wrist","wrist","10","okWithResults","Eixo coberto por exercicios."
"joint","fingers","fingers","6","okWithResults","Eixo coberto por exercicios."
"joint","hip_flexors","hip flexors","14","okWithResults","Eixo coberto por exercicios."
"joint","ankle","ankle","43","okWithResults","Eixo coberto por exercicios."
"joint","feet","feet","51","okWithResults","Eixo coberto por exercicios."
"joint","hip_external_rotators","hip external rotators","1","okWithResults","Eixo coberto por exercicios."
"modality","strength","Musculacao","207","okWithResults","Eixo coberto por exercicios."
"modality","cardio","Cardio","65","okWithResults","Eixo coberto por exercicios."
"modality","martial_arts","Artes marciais","232","okWithResults","Eixo coberto por exercicios."
"modality","mobility","Mobilidade","193","okWithResults","Eixo coberto por exercicios."
"modality","elasticity","Elasticidade","132","okWithResults","Eixo coberto por exercicios."
"modality","recovery","Recuperacao","122","okWithResults","Eixo coberto por exercicios."
"modality","warmup","Aquecimento","131","okWithResults","Eixo coberto por exercicios."
"modality","activation","Ativacao","52","okWithResults","Eixo coberto por exercicios."
"modality","prevention","Prevencao","44","okWithResults","Eixo coberto por exercicios."
"martial_art","karate","Karate","50","okWithResults","Eixo coberto por exercicios."
"martial_art","jiu_jitsu","Jiu-Jitsu","53","okWithResults","Eixo coberto por exercicios."
"martial_art","martial_conditioning","Condicionamento para artes marciais","0","okEmptyWithExplicitNotice","Sem conteudo especifico; a UI deve mostrar aviso/fallback."
"martial_art","martial_mobility","Mobilidade para artes marciais","0","okEmptyWithExplicitNotice","Sem conteudo especifico; a UI deve mostrar aviso/fallback."
