name,catalog_entry_key,primary_type
"Press militar com barra em pé","press_militar_com_barra_em_pe__ombros","musculacao"
"Press militar com halteres","press_militar_com_halteres__ombros","musculacao"
"Press militar com barra","press_militar_com_barra__ombros","musculacao"
"Arnold press","arnold_press__ombros","musculacao"
"Elevação lateral","elevacao_lateral__ombros","musculacao"
"Elevação frontal","elevacao_frontal__ombros","musculacao"
"Elevação posterior","elevacao_posterior__ombros","musculacao"
"Reverse fly","reverse_fly__ombros","musculacao"
"Mobilidade de ombro com elástico","mobilidade_de_ombro_com_elastico__ombros","musculacao"
"Rotação externa","rotacao_externa__ombros","musculacao"
"Rotação externa com elástico","rotacao_externa_com_elastico__ombros","musculacao"
"Rotação interna","rotacao_interna__ombros","musculacao"
"Rotação interna com elástico","rotacao_interna_com_elastico__ombros","musculacao"
"Elevação no plano da omoplata","elevacao_no_plano_da_omoplata__ombros","musculacao"
"Supino com barra","supino_com_barra__peito","musculacao"
"Supino com halteres","supino_com_halteres__peito","musculacao"
"Supino inclinado com halteres","supino_inclinado_com_halteres__peito","musculacao"
"Supino inclinado com barra","supino_inclinado_com_barra__peito","musculacao"
"Supino declinado com halteres","supino_declinado_com_halteres__peito","musculacao"
"Supino declinado com barra","supino_declinado_com_barra__peito","musculacao"
"Supino declinado na máquina","supino_declinado_na_maquina__peito","musculacao"
"Aberturas com halteres","aberturas_com_halteres__peito","musculacao"
"Aberturas inclinadas com halteres","aberturas_inclinadas_com_halteres__peito","musculacao"
"Aberturas inclinadas no cabo","aberturas_inclinadas_no_cabo__peito","musculacao"
"Aberturas inclinadas com elástico","aberturas_inclinadas_com_elastico__peito","musculacao"
"Squeeze press","squeeze_press__peito","musculacao"
"Chest press","chest_press__peito","musculacao"
"Dips para peito em paralelas","dips_para_peito_em_paralelas__peito","musculacao"
"Dips assistidos para peito na máquina","dips_assistidos_para_peito_na_maquina__peito","musculacao"
"Crossover no cabo","crossover_no_cabo__peito","musculacao"
"Pullover com halter","pullover_com_halter__peito","musculacao"
"Puxada alta","puxada_alta__costas","musculacao"
"Puxada alta pega aberta","puxada_alta_pega_aberta__costas","musculacao"
"Puxada alta pega neutra","puxada_alta_pega_neutra__costas","musculacao"
"Puxada alta pega fechada","puxada_alta_pega_fechada__costas","musculacao"
"Remo baixo no cabo","remo_baixo_no_cabo__costas","musculacao"
"Remo sentado","remo_sentado__costas","musculacao"
"Remo unilateral com halter","remo_unilateral_com_halter__costas","musculacao"
"Remo com barra","remo_com_barra__costas","musculacao"
"Remo invertido","remo_invertido__costas","musculacao"
"Remo invertido em mesa resistente","remo_invertido_em_mesa_resistente__costas","musculacao"
"Pull-up","pull_up__costas","musculacao"
"Scapular pull-up","scapular_pull_up__costas","musculacao"
"Dead hang escapular","dead_hang_escapular__costas","musculacao"
"Face pull no cabo","face_pull_no_cabo__costas","musculacao"
"Pullover no cabo","pullover_no_cabo__costas","musculacao"
"Pullover com halter","pullover_com_halter__costas","musculacao"
"Puxada com braços esticados","puxada_com_bracos_esticados__costas","musculacao"
"Remo com elástico","remo_com_elastico__costas","musculacao"
"Hiperextensão lombar","hiperextensao_lombar__lombar","musculacao"
"Hiperextensão no banco romano","hiperextensao_no_banco_romano__lombar","musculacao"
"Good morning com barra","good_morning_com_barra__lombar","musculacao"
"Good morning leve isométrico","good_morning_leve_isometrico__lombar","musculacao"
"Extensão lombar com elástico","extensao_lombar_com_elastico__lombar","musculacao"
"Curl inverso","curl_inverso__biceps","musculacao"
"Curl inverso com halteres","curl_inverso_com_halteres__biceps","musculacao"
"Extensão de tríceps no cabo","extensao_de_triceps_no_cabo__triceps","musculacao"
"Extensão acima da cabeça com halter","extensao_acima_da_cabeca_com_halter__triceps","musculacao"
"Tríceps testa com barra EZ","triceps_testa_com_barra_ez__triceps","musculacao"
"Tríceps testa com halteres","triceps_testa_com_halteres__triceps","musculacao"
"Extensão de tríceps deitado com halteres","extensao_de_triceps_deitado_com_halteres__triceps","musculacao"
"Supino fechado","supino_fechado__triceps","musculacao"
"Press fechado com halteres","press_fechado_com_halteres__triceps","musculacao"
"Tate press","tate_press__triceps","musculacao"
"Fundos entre apoios","fundos_entre_apoios__triceps","musculacao"
"Kickback de tríceps","kickback_de_triceps__triceps","musculacao"
"Kickback no cabo","kickback_no_cabo__triceps","musculacao"
"Extensão unilateral de tríceps","extensao_unilateral_de_triceps__triceps","musculacao"
"Extensão francesa com halter","extensao_francesa_com_halter__triceps","musculacao"
"Extensão francesa com barra EZ","extensao_francesa_com_barra_ez__triceps","musculacao"
"Extensão francesa no cabo","extensao_francesa_no_cabo__triceps","musculacao"
"Dips para tríceps","dips_para_triceps__triceps","musculacao"
"Tríceps no cabo com corda","triceps_no_cabo_com_corda__triceps","musculacao"
"Tríceps com elástico","triceps_com_elastico__triceps","musculacao"
"Prancha","prancha__core","musculacao"
"Prancha lateral","prancha_lateral__core","musculacao"
"Crunch","crunch__core","musculacao"
"Reverse crunch","reverse_crunch__core","musculacao"
"Elevação de pernas","elevacao_de_pernas__core","musculacao"
"Elevação de joelhos suspenso","elevacao_de_joelhos_suspenso__core","musculacao"
"Dead bug","dead_bug__core","musculacao"
"Hollow hold","hollow_hold__core","musculacao"
"Mountain climbers","mountain_climbers__core","musculacao"
"Pallof press no cabo","pallof_press_no_cabo__core","musculacao"
"Pallof press com elástico","pallof_press_com_elastico__core","musculacao"
"Russian twist","russian_twist__core","musculacao"
"Bicycle crunch","bicycle_crunch__core","musculacao"
"Bird dog","bird_dog__core","musculacao"
"Side bend","side_bend__core","musculacao"
"Vacuum abdominal","vacuum_abdominal__core","musculacao"
"Flutter kicks","flutter_kicks__core","musculacao"
"Toe touches","toe_touches__core","musculacao"
"Superman","superman__core","musculacao"
"Lenhador no cabo","lenhador_no_cabo__core","musculacao"
"Prancha com toque no ombro","prancha_com_toque_no_ombro__core","musculacao"
"Agachamento goblet","agachamento_goblet__pernas","musculacao"
"Agachamento com halteres ao lado","agachamento_com_halteres_ao_lado__pernas","musculacao"
"Agachamento com barra","agachamento_com_barra__pernas","musculacao"
"Agachamento com mochila","agachamento_com_mochila__pernas","musculacao"
"Agachamento com garrafão","agachamento_com_garrafao__pernas","musculacao"
"Agachamento na máquina Smith","agachamento_na_maquina_smith__pernas","musculacao"
"Agachamento búlgaro","agachamento_bulgaro__pernas","musculacao"
"Agachamento búlgaro com apoio","agachamento_bulgaro_com_apoio__pernas","musculacao"
"Extensão de perna","extensao_de_perna__pernas","musculacao"
"Leg press","leg_press__pernas","musculacao"
"Step-up","step_up__pernas","musculacao"
"Lunges com halteres","lunges_com_halteres__pernas","musculacao"
"Lunges com mochila","lunges_com_mochila__pernas","musculacao"
"Peso morto tradicional","peso_morto_tradicional__pernas","musculacao"
"Peso morto romeno com halteres","peso_morto_romeno_com_halteres__pernas","musculacao"
"Curl de perna","curl_de_perna__pernas","musculacao"
"Good morning leve","good_morning_leve__pernas","musculacao"
"Abdução de anca","abducao_de_anca__pernas","musculacao"
"Adução de anca","aducao_de_anca__pernas","musculacao"
"Gémeos sentado","gemeos_sentado__pernas","musculacao"
"Sóleo sentado","soleo_sentado__pernas","musculacao"
"Dorsiflexão do tornozelo com elástico","dorsiflexao_do_tornozelo_com_elastico__pernas","musculacao"
"Inversão do tornozelo com elástico","inversao_do_tornozelo_com_elastico__pernas","musculacao"
"Eversão do tornozelo com elástico","eversao_do_tornozelo_com_elastico__pernas","musculacao"
"Flexão da anca em pé com elástico","flexao_da_anca_em_pe_com_elastico__pernas","musculacao"
"Copenhagen plank com apoio","copenhagen_plank_com_apoio__pernas","musculacao"
"Extensão terminal do joelho com elástico","extensao_terminal_do_joelho_com_elastico__pernas","musculacao"
"Peso morto unilateral com halteres","peso_morto_unilateral_com_halteres__pernas","musculacao"
"Marcha no lugar","marcha_no_lugar__cardio","cardio"
"Jumping jacks","jumping_jacks__cardio","cardio"
"Burpees","burpees__cardio","cardio"
"Skaters","skaters__cardio","cardio"
"High knees","high_knees__cardio","cardio"
"Circuito cardio peso corporal","circuito_cardio_peso_corporal__cardio","cardio"
"Sprints exterior","sprints_exterior__cardio","cardio"
"Corrida em subida","corrida_em_subida__cardio","cardio"
"HIIT peso corporal","hiit_peso_corporal__cardio","cardio"
"HIIT cardio","hiit_cardio__cardio","cardio"
"HIIT simples","hiit_simples__cardio","cardio"
"Circuito cardio leve","circuito_cardio_leve__cardio","cardio"
"Shadow boxing leve","shadow_boxing_leve__cardio","cardio"
"Shuttle runs / corrida vaivém","shuttle_runs_corrida_vaivem__cardio","cardio"
"Trabalho leve ao saco","trabalho_leve_ao_saco__karate","artes_marciais"
"Shrimp / fuga de anca","shrimp_fuga_de_anca__jiu_jitsu","artes_marciais"
"Ponte de grappling","ponte_de_grappling__jiu_jitsu","artes_marciais"
"Technical stand-up","technical_stand_up__jiu_jitsu","artes_marciais"
"Sprawl","sprawl__jiu_jitsu","artes_marciais"
"Drills de guarda","drills_de_guarda__jiu_jitsu","artes_marciais"
"Drills de passagem de guarda","drills_de_passagem_de_guarda__jiu_jitsu","artes_marciais"
"Rolamentos de solo","rolamentos_de_solo__jiu_jitsu","artes_marciais"
"Breakfalls (ukemi)","breakfalls_ukemi__jiu_jitsu","artes_marciais"
"Inversão granby com apoio","inversao_granby_com_apoio__jiu_jitsu","artes_marciais"
"Tocar nos pés sentado","tocar_nos_pes_sentado__mobilidade","mobilidade"
"Tocar nos pés em pé","tocar_nos_pes_em_pe__mobilidade","mobilidade"
"Respiração diafragmática","respiracao_diafragmatica__mobilidade","mobilidade"
"Caminhada leve","caminhada_leve__mobilidade","mobilidade"
"Relaxamento deitado","relaxamento_deitado__mobilidade","mobilidade"
"Respiração nasal lenta","respiracao_nasal_lenta__mobilidade","mobilidade"
"Foam roller para pernas","foam_roller_para_pernas__mobilidade","mobilidade"
"Foam roller para costas","foam_roller_para_costas__mobilidade","mobilidade"
"Bola de massagem para pés e glúteos","bola_de_massagem_para_pes_e_gluteos__mobilidade","mobilidade"
"Arrefecimento pós-treino de força","arrefecimento_pos_treino_de_forca__mobilidade","mobilidade"
"Arrefecimento pós-artes marciais","arrefecimento_pos_artes_marciais__mobilidade","mobilidade"
"Mawashi geri em alvo médio","mawashi_geri_em_alvo_medio__karate","artes_marciais"
"Trabalho leve ao saco com gyaku zuki","trabalho_leve_ao_saco_com_gyaku_zuki__karate","artes_marciais"
"Mae geri no saco leve","mae_geri_no_saco_leve__karate","artes_marciais"
"Shrimp básico no solo","shrimp_basico_no_solo__jiu_jitsu","artes_marciais"
"Base de boxe estática","base_de_boxe_estatica__boxe","artes_marciais"
"Guarda alta básica","guarda_alta_basica__boxe","artes_marciais"
"Queixo protegido em guarda","queixo_protegido_em_guarda__boxe","artes_marciais"
"Step-drag para frente e trás","step_drag_para_frente_e_tras__boxe","artes_marciais"
"Passo lateral com guarda","passo_lateral_com_guarda__boxe","artes_marciais"
"Pivot básico","pivot_basico__boxe","artes_marciais"
"Entrar e sair com jab imaginário","entrar_e_sair_com_jab_imaginario__boxe","artes_marciais"
"Jab parado","jab_parado__boxe","artes_marciais"
"Jab com passo","jab_com_passo__boxe","artes_marciais"
"Direto parado","direto_parado__boxe","artes_marciais"
"Jab e direto 1-2","jab_e_direto_1_2__boxe","artes_marciais"
"Gancho curto por fases","gancho_curto_por_fases__boxe","artes_marciais"
"Uppercut curto por fases","uppercut_curto_por_fases__boxe","artes_marciais"
"Golpe ao corpo em sombra","golpe_ao_corpo_em_sombra__boxe","artes_marciais"
"Parry de jab com parceiro","parry_de_jab_com_parceiro__boxe","artes_marciais"
"Bloqueio em guarda alta","bloqueio_em_guarda_alta__boxe","artes_marciais"
"Slip esquerda-direita","slip_esquerda_direita__boxe","artes_marciais"
"Roll por baixo de linha","roll_por_baixo_de_linha__boxe","artes_marciais"
"Cobrir e sair em ângulo","cobrir_e_sair_em_angulo__boxe","artes_marciais"
"Sombra de boxe leve","sombra_de_boxe_leve__boxe","artes_marciais"
"Sombra de boxe por rounds","sombra_de_boxe_por_rounds__boxe","artes_marciais"
"Rounds no saco de boxe ritmo leve","rounds_no_saco_de_boxe_ritmo_leve__boxe","artes_marciais"
"Rounds no saco de boxe ritmo moderado","rounds_no_saco_de_boxe_ritmo_moderado__boxe","artes_marciais"
"1-2 e saída lateral","1_2_e_saida_lateral__boxe","artes_marciais"
"Base de kickboxing estática","base_de_kickboxing_estatica__kickboxing","artes_marciais"
"Guarda de kickboxing","guarda_de_kickboxing__kickboxing","artes_marciais"
"Drill de distância mão-perna","drill_de_distancia_mao_perna__kickboxing","artes_marciais"
"Recuperar base após pontapé","recuperar_base_apos_pontape__kickboxing","artes_marciais"
"Jab de kickboxing","jab_de_kickboxing__kickboxing","artes_marciais"
"Direto de kickboxing","direto_de_kickboxing__kickboxing","artes_marciais"
"Low kick por fases","low_kick_por_fases__kickboxing","artes_marciais"
"Low kick ao saco leve","low_kick_ao_saco_leve__kickboxing","artes_marciais"
"Middle kick por fases","middle_kick_por_fases__kickboxing","artes_marciais"
"High kick técnico baixo para alto","high_kick_tecnico_baixo_para_alto__kickboxing","artes_marciais"
"Front kick para distância","front_kick_para_distancia__kickboxing","artes_marciais"
"Side kick técnico","side_kick_tecnico__kickboxing","artes_marciais"
"Jab, direto, low kick","jab_direto_low_kick__kickboxing","artes_marciais"
"Jab, direto, middle kick","jab_direto_middle_kick__kickboxing","artes_marciais"
"Low kick para direto","low_kick_para_direto__kickboxing","artes_marciais"
"Check de low kick básico","check_de_low_kick_basico__kickboxing","artes_marciais"
"Sair em ângulo após combinação","sair_em_angulo_apos_combinacao__kickboxing","artes_marciais"
"Combinações de kickboxing no saco leve","combinacoes_de_kickboxing_no_saco_leve__kickboxing","artes_marciais"
"Rounds de kickboxing no saco moderado","rounds_de_kickboxing_no_saco_moderado__kickboxing","artes_marciais"
"Base de Muay Thai estática","base_de_muay_thai_estatica__muay_thai","artes_marciais"
"Guarda alta de Muay Thai","guarda_alta_de_muay_thai__muay_thai","artes_marciais"
"Transferência de peso para check","transferencia_de_peso_para_check__muay_thai","artes_marciais"
"Low kick técnico sem impacto","low_kick_tecnico_sem_impacto__muay_thai","artes_marciais"
"Low kick ao saco","low_kick_ao_saco__muay_thai","artes_marciais"
"Middle kick técnico","middle_kick_tecnico__muay_thai","artes_marciais"
"Middle kick ao saco","middle_kick_ao_saco__muay_thai","artes_marciais"
"Teep técnico","teep_tecnico__muay_thai","artes_marciais"
"Teep em alvo leve","teep_em_alvo_leve__muay_thai","artes_marciais"
"Check de low kick em sombra","check_de_low_kick_em_sombra__muay_thai","artes_marciais"
"Jab e direto em guarda alta","jab_e_direto_em_guarda_alta__muay_thai","artes_marciais"
"Cotovelo horizontal básico","cotovelo_horizontal_basico__muay_thai","artes_marciais"
"Joelhada direta em sombra","joelhada_direta_em_sombra__muay_thai","artes_marciais"
"Joelhada no saco","joelhada_no_saco__muay_thai","artes_marciais"
"Postura de clinch com parceiro","postura_de_clinch_com_parceiro__muay_thai","artes_marciais"
"Entrada defensiva para clinch","entrada_defensiva_para_clinch__muay_thai","artes_marciais"
"Virar no clinch","virar_no_clinch__muay_thai","artes_marciais"
"Sair do clinch","sair_do_clinch__muay_thai","artes_marciais"
"Round leve no saco de Muay Thai","round_leve_no_saco_de_muay_thai__muay_thai","artes_marciais"
"Round moderado no saco de Muay Thai","round_moderado_no_saco_de_muay_thai__muay_thai","artes_marciais"
"Ukemi para trás por fases","ukemi_para_tras_por_fases__judo","artes_marciais"
"Ukemi lateral por fases","ukemi_lateral_por_fases__judo","artes_marciais"
"Rolamento frontal básico","rolamento_frontal_basico__judo","artes_marciais"
"Levantar após queda","levantar_apos_queda__judo","artes_marciais"
"Postura natural de Judo","postura_natural_de_judo__judo","artes_marciais"
"Kumi kata básico","kumi_kata_basico__judo","artes_marciais"
"Quebra de pegada simples","quebra_de_pegada_simples__judo","artes_marciais"
"Controlo de postura com pegada","controlo_de_postura_com_pegada__judo","artes_marciais"
"Kuzushi para a frente","kuzushi_para_a_frente__judo","artes_marciais"
"Kuzushi para trás","kuzushi_para_tras__judo","artes_marciais"
"Uchikomi parado","uchikomi_parado__judo","artes_marciais"
"Uchikomi em movimento","uchikomi_em_movimento__judo","artes_marciais"
"O soto gari por fases","o_soto_gari_por_fases__judo","artes_marciais"
"O goshi por fases","o_goshi_por_fases__judo","artes_marciais"
"De ashi barai técnico","de_ashi_barai_tecnico__judo","artes_marciais"
"Seoi nage entrada básica","seoi_nage_entrada_basica__judo","artes_marciais"
"Kesa gatame básico","kesa_gatame_basico__judo","artes_marciais"
"Escape de imobilização básico","escape_de_imobilizacao_basico__judo","artes_marciais"
"Transição queda para controlo","transicao_queda_para_controlo__judo","artes_marciais"
"Base de Taekwondo estática","base_de_taekwondo_estatica__taekwondo","artes_marciais"
"Guarda de Taekwondo","guarda_de_taekwondo__taekwondo","artes_marciais"
"Bounce step leve","bounce_step_leve__taekwondo","artes_marciais"
"Entrar e sair da distância de pontapé","entrar_e_sair_da_distancia_de_pontape__taekwondo","artes_marciais"
"Pontapé frontal por fases","pontape_frontal_por_fases__taekwondo","artes_marciais"
"Pontapé circular baixo","pontape_circular_baixo__taekwondo","artes_marciais"
"Pontapé circular médio em alvo","pontape_circular_medio_em_alvo__taekwondo","artes_marciais"
"Pontapé lateral por fases","pontape_lateral_por_fases__taekwondo","artes_marciais"
"Pontapé para trás técnico","pontape_para_tras_tecnico__taekwondo","artes_marciais"
"Pontapé descendente controlado","pontape_descendente_controlado__taekwondo","artes_marciais"
"Hold de câmara de pontapé","hold_de_camara_de_pontape__taekwondo","artes_marciais"
"Extensão e recolha lenta","extensao_e_recolha_lenta__taekwondo","artes_marciais"
"Equilíbrio em uma perna","equilibrio_em_uma_perna__taekwondo","artes_marciais"
"Progressão de altura do pontapé","progressao_de_altura_do_pontape__taekwondo","artes_marciais"
"Sequência frontal e circular","sequencia_frontal_e_circular__taekwondo","artes_marciais"
"Rounds de pontapés técnicos","rounds_de_pontapes_tecnicos__taekwondo","artes_marciais"
"Sombra de pontapés","sombra_de_pontapes__taekwondo","artes_marciais"
"Mapa rápido de saídas","mapa_rapido_de_saidas__defesa_pessoal","artes_marciais"
"Guarda não agressiva","guarda_nao_agressiva__defesa_pessoal","artes_marciais"
"Guarda defensiva básica","guarda_defensiva_basica__defesa_pessoal","artes_marciais"
"Passo para trás e ângulo","passo_para_tras_e_angulo__defesa_pessoal","artes_marciais"
"Barreira verbal e mãos abertas","barreira_verbal_e_maos_abertas__defesa_pessoal","artes_marciais"
"Cobertura básica contra golpes","cobertura_basica_contra_golpes__defesa_pessoal","artes_marciais"
"Sair da linha de ataque","sair_da_linha_de_ataque__defesa_pessoal","artes_marciais"
"Desvio simples de mão","desvio_simples_de_mao__defesa_pessoal","artes_marciais"
"Entrada defensiva para clinch","entrada_defensiva_para_clinch__defesa_pessoal","artes_marciais"
"Palm strike e saída","palm_strike_e_saida__defesa_pessoal","artes_marciais"
"Saída de agarre no pulso","saida_de_agarre_no_pulso__defesa_pessoal","artes_marciais"
"Frame no clinch","frame_no_clinch__defesa_pessoal","artes_marciais"
"Sair do clinch com frame e passo","sair_do_clinch_com_frame_e_passo__defesa_pessoal","artes_marciais"
"Sprawl funcional","sprawl_funcional__defesa_pessoal","artes_marciais"
"Queda segura funcional","queda_segura_funcional__defesa_pessoal","artes_marciais"
"Frames no chão contra pressão","frames_no_chao_contra_pressao__defesa_pessoal","artes_marciais"
"Technical stand-up funcional","technical_stand_up_funcional__defesa_pessoal","artes_marciais"
"Palm strike em alvo","palm_strike_em_alvo__defesa_pessoal","artes_marciais"
"Low kick simples funcional","low_kick_simples_funcional__defesa_pessoal","artes_marciais"
"Joelhada simples para criar espaço","joelhada_simples_para_criar_espaco__defesa_pessoal","artes_marciais"
"Empurrar e sair","empurrar_e_sair__defesa_pessoal","artes_marciais"
"Drill decisão de fuga","drill_decisao_de_fuga__defesa_pessoal","artes_marciais"
"Regra de múltiplas ameaças","regra_de_multiplas_ameacas__defesa_pessoal","artes_marciais"
"Sair da parede com ângulo","sair_da_parede_com_angulo__defesa_pessoal","artes_marciais"
"Boxe","boxe__artes_marciais","artes_marciais"
"Muay Thai","muay_thai__artes_marciais","artes_marciais"
"Jiu-Jitsu / BJJ","jiu_jitsu_bjj__artes_marciais","artes_marciais"
"Judo","judo__artes_marciais","artes_marciais"
"CARs cervicais suaves","cars_cervicais_suaves__mobilidade","mobilidade"
"Chin tuck deitado","chin_tuck_deitado__mobilidade","mobilidade"
"Extensão torácica no chão","extensao_toracica_no_chao__mobilidade","mobilidade"
"Extensão torácica sobre rolo","extensao_toracica_sobre_rolo__mobilidade","mobilidade"
"Rotação torácica em quadrupedia","rotacao_toracica_em_quadrupedia__mobilidade","mobilidade"
"Thread the needle","thread_the_needle__mobilidade","mobilidade"
"Thread the needle com alcance","thread_the_needle_com_alcance__mobilidade","mobilidade"
"Respiração costal deitada","respiracao_costal_deitada__mobilidade","mobilidade"
"Wall angels","wall_angels__mobilidade","mobilidade"
"Elevação de braços contra parede","elevacao_de_bracos_contra_parede__mobilidade","mobilidade"
"Pelvic tilts deitado","pelvic_tilts_deitado__mobilidade","mobilidade"
"Pelvic tilts em quadrupedia","pelvic_tilts_em_quadrupedia__mobilidade","mobilidade"
"Rock back com coluna neutra","rock_back_com_coluna_neutra__mobilidade","mobilidade"
"Hinge drill sem carga","hinge_drill_sem_carga__mobilidade","mobilidade"
"Cat cow controlado","cat_cow_controlado__mobilidade","mobilidade"
"Rotação lombar deitado joelhos lado a lado","rotacao_lombar_deitado_joelhos_lado_a_lado__mobilidade","mobilidade"
"Dead bug com retroversão","dead_bug_com_retroversao__mobilidade","mobilidade"
"Respiração com bracing leve","respiracao_com_bracing_leve__mobilidade","mobilidade"
"Scapular push-up","scapular_push_up__mobilidade","mobilidade"
"Protração e retração em quadrupedia","protracao_e_retracao_em_quadrupedia__mobilidade","mobilidade"
"Elevação e depressão escapular em pé","elevacao_e_depressao_escapular_em_pe__mobilidade","mobilidade"
"Depressão escapular na barra","depressao_escapular_na_barra__mobilidade","mobilidade"
"Serratus reach","serratus_reach__mobilidade","mobilidade"
"Prancha com protração escapular","prancha_com_protracao_escapular__mobilidade","mobilidade"
"Bear position scapular control","bear_position_scapular_control__mobilidade","mobilidade"
"Scapular pull-up","scapular_pull_up__mobilidade","mobilidade"
"CARs escapulares em pé","cars_escapulares_em_pe__mobilidade","mobilidade"
"Flexão de ombro deitado","flexao_de_ombro_deitado__mobilidade","mobilidade"
"Elevação de braços na parede","elevacao_de_bracos_na_parede__mobilidade","mobilidade"
"Shoulder extension lift-off","shoulder_extension_lift_off__mobilidade","mobilidade"
"Rotação externa com cotovelo junto ao corpo","rotacao_externa_com_cotovelo_junto_ao_corpo__mobilidade","mobilidade"
"Rotação externa deitado de lado","rotacao_externa_deitado_de_lado__mobilidade","mobilidade"
"Rotação interna com cotovelo junto ao corpo","rotacao_interna_com_cotovelo_junto_ao_corpo__mobilidade","mobilidade"
"Shoulder CARs","shoulder_cars__mobilidade","mobilidade"
"Overhead hold sem carga","overhead_hold_sem_carga__mobilidade","mobilidade"
"Passagens com cabo de vassoura","passagens_com_cabo_de_vassoura__mobilidade","mobilidade"
"Shoulder dislocates controlados","shoulder_dislocates_controlados__mobilidade","mobilidade"
"Guarda alta com respiração","guarda_alta_com_respiracao__mobilidade","mobilidade"
"Guarda alta com passos leves","guarda_alta_com_passos_leves__mobilidade","mobilidade"
"Flexão e extensão ativa do cotovelo","flexao_e_extensao_ativa_do_cotovelo__mobilidade","mobilidade"
"Extensão terminal do cotovelo leve","extensao_terminal_do_cotovelo_leve__mobilidade","mobilidade"
"Pronação e supinação com cotovelo fixo","pronacao_e_supinacao_com_cotovelo_fixo__mobilidade","mobilidade"
"Pronação e supinação com halter leve","pronacao_e_supinacao_com_halter_leve__mobilidade","mobilidade"
"Isometria leve de cotovelo a 90 graus","isometria_leve_de_cotovelo_a_90_graus__mobilidade","mobilidade"
"Frames leves em quadrupedia","frames_leves_em_quadrupedia__mobilidade","mobilidade"
"Desvio radial e ulnar ativo","desvio_radial_e_ulnar_ativo__mobilidade","mobilidade"
"Rocking de punho em quadrupedia","rocking_de_punho_em_quadrupedia__mobilidade","mobilidade"
"Extensão de punho com palmas no chão","extensao_de_punho_com_palmas_no_chao__mobilidade","mobilidade"
"Punhos para flexões","punhos_para_flexoes__mobilidade","mobilidade"
"Abrir e fechar dedos","abrir_e_fechar_dedos__mobilidade","mobilidade"
"Extensão dos dedos com elástico","extensao_dos_dedos_com_elastico__mobilidade","mobilidade"
"Ondas dos dedos","ondas_dos_dedos__mobilidade","mobilidade"
"Aquecimento de dedos para kimono","aquecimento_de_dedos_para_kimono__mobilidade","mobilidade"
"Flexão de anca em pé com apoio","flexao_de_anca_em_pe_com_apoio__mobilidade","mobilidade"
"Marcha lenta com joelho alto","marcha_lenta_com_joelho_alto__mobilidade","mobilidade"
"Extensão de anca em quadrupedia","extensao_de_anca_em_quadrupedia__mobilidade","mobilidade"
"Hip extension lift-off","hip_extension_lift_off__mobilidade","mobilidade"
"Rotação interna de anca sentado","rotacao_interna_de_anca_sentado__mobilidade","mobilidade"
"90/90 lift-off rotação interna","90_90_lift_off_rotacao_interna__mobilidade","mobilidade"
"Rotação externa de anca sentado","rotacao_externa_de_anca_sentado__mobilidade","mobilidade"
"Pigeon ativo","pigeon_ativo__mobilidade","mobilidade"
"Rock back de adutores","rock_back_de_adutores__mobilidade","mobilidade"
"Cossack squat assistido","cossack_squat_assistido__mobilidade","mobilidade"
"Hip CARs em pé com apoio","hip_cars_em_pe_com_apoio__mobilidade","mobilidade"
"Hip CARs em quadrupedia","hip_cars_em_quadrupedia__mobilidade","mobilidade"
"90/90 switches","90_90_switches__mobilidade","mobilidade"
"90/90 hold ativo","90_90_hold_ativo__mobilidade","mobilidade"
"Agachamento profundo assistido","agachamento_profundo_assistido__mobilidade","mobilidade"
"Squat pry leve","squat_pry_leve__mobilidade","mobilidade"
"Câmara de pontapé frontal","camara_de_pontape_frontal__mobilidade","mobilidade"
"Câmara de pontapé circular","camara_de_pontape_circular__mobilidade","mobilidade"
"Recolha lenta do pontapé","recolha_lenta_do_pontape__mobilidade","mobilidade"
"Hip heist lento","hip_heist_lento__mobilidade","mobilidade"
"Shin box switch","shin_box_switch__mobilidade","mobilidade"
"Heel slides","heel_slides__mobilidade","mobilidade"
"Flexão de joelho em pé","flexao_de_joelho_em_pe__mobilidade","mobilidade"
"Extensão ativa do joelho sentado","extensao_ativa_do_joelho_sentado__mobilidade","mobilidade"
"Extensão terminal do joelho com elástico","extensao_terminal_do_joelho_com_elastico__mobilidade","mobilidade"
"Agachamento para cadeira controlado","agachamento_para_cadeira_controlado__mobilidade","mobilidade"
"Step down controlado","step_down_controlado__mobilidade","mobilidade"
"Split squat parcial controlado","split_squat_parcial_controlado__mobilidade","mobilidade"
"Base marcial com joelho alinhado","base_marcial_com_joelho_alinhado__mobilidade","mobilidade"
"Knee to wall","knee_to_wall__mobilidade","mobilidade"
"Flexão plantar ativa","flexao_plantar_ativa__mobilidade","mobilidade"
"Apontar e puxar o pé","apontar_e_puxar_o_pe__mobilidade","mobilidade"
"Inversão e eversão ativas","inversao_e_eversao_ativas__mobilidade","mobilidade"
"Inversão e eversão com elástico leve","inversao_e_eversao_com_elastico_leve__mobilidade","mobilidade"
"Mobilidade de tornozelo em agachamento","mobilidade_de_tornozelo_em_agachamento__mobilidade","mobilidade"
"Pogo prep leve","pogo_prep_leve__mobilidade","mobilidade"
"Pivots controlados","pivots_controlados__mobilidade","mobilidade"
"Short foot","short_foot__mobilidade","mobilidade"
"Doming do pé","doming_do_pe__mobilidade","mobilidade"
"Elevação do dedo grande","elevacao_do_dedo_grande__mobilidade","mobilidade"
"Elevação dos quatro dedos","elevacao_dos_quatro_dedos__mobilidade","mobilidade"
"Flexão dos dedos na toalha","flexao_dos_dedos_na_toalha__mobilidade","mobilidade"
"Mobilidade do dedo grande na parede","mobilidade_do_dedo_grande_na_parede__mobilidade","mobilidade"
"Pronação e supinação controlada do pé","pronacao_e_supinacao_controlada_do_pe__mobilidade","mobilidade"
"Equilíbrio unipodal","equilibrio_unipodal__mobilidade","mobilidade"
"Sit to stand sem mãos","sit_to_stand_sem_maos__mobilidade","mobilidade"
"Technical stand-up lento","technical_stand_up_lento__mobilidade","artes_marciais"
"Entrar e sair do agachamento profundo assistido","entrar_e_sair_do_agachamento_profundo_assistido__mobilidade","mobilidade"
"Agachamento profundo com troca de peso","agachamento_profundo_com_troca_de_peso__mobilidade","mobilidade"
"Bear crawl leve","bear_crawl_leve__mobilidade","mobilidade"
"Crawling em quadrupedia lento","crawling_em_quadrupedia_lento__mobilidade","mobilidade"
"Rolamento lateral controlado","rolamento_lateral_controlado__mobilidade","mobilidade"
"Rolamento frontal suave","rolamento_frontal_suave__mobilidade","mobilidade"
"World greatest stretch flow","world_greatest_stretch_flow__mobilidade","mobilidade"
"Flow guarda, chão e levantar","flow_guarda_chao_e_levantar__mobilidade","mobilidade"
"Câmara de pontapé frontal com apoio","camara_de_pontape_frontal_com_apoio__mobilidade","mobilidade"
"Câmara de pontapé circular com apoio","camara_de_pontape_circular_com_apoio__mobilidade","mobilidade"
"Pontapé lento sem impacto","pontape_lento_sem_impacto__mobilidade","mobilidade"
"90/90 para guarda no chão","90_90_para_guarda_no_chao__mobilidade","mobilidade"
"Shrimp lento de mobilidade","shrimp_lento_de_mobilidade__mobilidade","mobilidade"
"Sprawl lento por fases","sprawl_lento_por_fases__mobilidade","mobilidade"
"Technical stand-up lento por fases","technical_stand_up_lento_por_fases__mobilidade","artes_marciais"
"Postura de clinch sem parceiro","postura_de_clinch_sem_parceiro__mobilidade","mobilidade"
"Pivot lento de boxe","pivot_lento_de_boxe__mobilidade","mobilidade"
"Pivot para pontapé circular","pivot_para_pontape_circular__mobilidade","mobilidade"
"Preparação de punhos para ukemi","preparacao_de_punhos_para_ukemi__mobilidade","mobilidade"
"Rolamento suave de preparação","rolamento_suave_de_preparacao__mobilidade","mobilidade"
"mobilidade","mobilidade__mobilidade","mobilidade"
"Inclinação lateral do pescoço sentado","inclinacao_lateral_do_pescoco_sentado__elasticidade","elasticidade"
"Inclinação lateral com mão atrás das costas","inclinacao_lateral_com_mao_atras_das_costas__elasticidade","elasticidade"
"Alongamento do trapézio superior sentado","alongamento_do_trapezio_superior_sentado__elasticidade","elasticidade"
"Trapézio superior com mão presa à cadeira","trapezio_superior_com_mao_presa_a_cadeira__elasticidade","elasticidade"
"Alongamento do elevador da escápula em diagonal","alongamento_do_elevador_da_escapula_em_diagonal__elasticidade","elasticidade"
"Alongamento suave dos escalenos com respiração","alongamento_suave_dos_escalenos_com_respiracao__elasticidade","elasticidade"
"Relaxamento suboccipital deitado","relaxamento_suboccipital_deitado__elasticidade","elasticidade"
"Sequência cervical leve pós-treino","sequencia_cervical_leve_pos_treino__elasticidade","elasticidade"
"Alongamento de peito na porta","alongamento_de_peito_na_porta__elasticidade","elasticidade"
"Alongamento unilateral de peito na porta","alongamento_unilateral_de_peito_na_porta__elasticidade","elasticidade"
"Alongamento de peito no canto","alongamento_de_peito_no_canto__elasticidade","elasticidade"
"Mãos atrás das costas","maos_atras_das_costas__elasticidade","elasticidade"
"Ombro anterior com mãos apoiadas atrás","ombro_anterior_com_maos_apoiadas_atras__elasticidade","elasticidade"
"Alongamento do bíceps na parede","alongamento_do_biceps_na_parede__elasticidade","elasticidade"
"Bíceps com palma na parede dedos para trás","biceps_com_palma_na_parede_dedos_para_tras__elasticidade","elasticidade"
"Abertura dinâmica de braços","abertura_dinamica_de_bracos__elasticidade","elasticidade"
"Cooldown de peito pós-empurrar","cooldown_de_peito_pos_empurrar__elasticidade","elasticidade"
"Child pose com braços longos","child_pose_com_bracos_longos__elasticidade","elasticidade"
"Child pose com mãos em banco","child_pose_com_maos_em_banco__elasticidade","elasticidade"
"Child pose lateral","child_pose_lateral__elasticidade","elasticidade"
"Alongamento lateral em pé","alongamento_lateral_em_pe__elasticidade","elasticidade"
"Suspensão passiva leve na barra","suspensao_passiva_leve_na_barra__elasticidade","elasticidade"
"Suspensão com pés apoiados","suspensao_com_pes_apoiados__elasticidade","elasticidade"
"Alongamento do quadrado lombar sentado","alongamento_do_quadrado_lombar_sentado__elasticidade","elasticidade"
"Alongamento lateral com respiração","alongamento_lateral_com_respiracao__elasticidade","elasticidade"
"Cooldown de dorsal pós-puxar","cooldown_de_dorsal_pos_puxar__elasticidade","elasticidade"
"Braço cruzado à frente do peito","braco_cruzado_a_frente_do_peito__elasticidade","elasticidade"
"Alongamento posterior com apoio na parede","alongamento_posterior_com_apoio_na_parede__elasticidade","elasticidade"
"Alongamento do deltoide posterior sentado","alongamento_do_deltoide_posterior_sentado__elasticidade","elasticidade"
"Abraçar o próprio corpo","abracar_o_proprio_corpo__elasticidade","elasticidade"
"Alcance à frente com mãos entrelaçadas","alcance_a_frente_com_maos_entrelacadas__elasticidade","elasticidade"
"Sleeper stretch leve","sleeper_stretch_leve__elasticidade","elasticidade"
"Cooldown posterior do ombro pós-puxar","cooldown_posterior_do_ombro_pos_puxar__elasticidade","elasticidade"
"Relaxamento dos ombros pós-guarda alta","relaxamento_dos_ombros_pos_guarda_alta__elasticidade","elasticidade"
"Tríceps acima da cabeça","triceps_acima_da_cabeca__elasticidade","elasticidade"
"Tríceps acima da cabeça com toalha","triceps_acima_da_cabeca_com_toalha__elasticidade","elasticidade"
"Braço acima da cabeça na parede","braco_acima_da_cabeca_na_parede__elasticidade","elasticidade"
"Child pose com cotovelos dobrados","child_pose_com_cotovelos_dobrados__elasticidade","elasticidade"
"Respiração em posição overhead","respiracao_em_posicao_overhead__elasticidade","elasticidade"
"Cooldown de tríceps pós-empurrar","cooldown_de_triceps_pos_empurrar__elasticidade","elasticidade"
"Alongamento dos flexores do punho na parede","alongamento_dos_flexores_do_punho_na_parede__elasticidade","elasticidade"
"Palmas no chão dedos para trás","palmas_no_chao_dedos_para_tras__elasticidade","elasticidade"
"Alongamento dos extensores do punho","alongamento_dos_extensores_do_punho__elasticidade","elasticidade"
"Dorso da mão no chão leve","dorso_da_mao_no_chao_leve__elasticidade","elasticidade"
"Relaxamento de rotação do antebraço","relaxamento_de_rotacao_do_antebraco__elasticidade","elasticidade"
"Alongamento de extensão dos dedos","alongamento_de_extensao_dos_dedos__elasticidade","elasticidade"
"Alongamento de flexão dos dedos","alongamento_de_flexao_dos_dedos__elasticidade","elasticidade"
"Shake out das mãos","shake_out_das_maos__elasticidade","elasticidade"
"Sequência pós-pega para antebraço","sequencia_pos_pega_para_antebraco__elasticidade","elasticidade"
"Sphinx pose","sphinx_pose__elasticidade","elasticidade"
"Cobra leve","cobra_leve__elasticidade","elasticidade"
"Cobra baixa com respiração","cobra_baixa_com_respiracao__elasticidade","elasticidade"
"Inclinação lateral em pé","inclinacao_lateral_em_pe__elasticidade","elasticidade"
"Alcance lateral sentado","alcance_lateral_sentado__elasticidade","elasticidade"
"Respiração em extensão leve","respiracao_em_extensao_leve__elasticidade","elasticidade"
"Cooldown abdominal pós-core","cooldown_abdominal_pos_core__elasticidade","elasticidade"
"Figura 4 deitado","figura_4_deitado__elasticidade","elasticidade"
"Figura 4 sentado","figura_4_sentado__elasticidade","elasticidade"
"Piriforme deitado joelho ao peito cruzado","piriforme_deitado_joelho_ao_peito_cruzado__elasticidade","elasticidade"
"Pigeon passivo com apoio","pigeon_passivo_com_apoio__elasticidade","elasticidade"
"90/90 passivo para glúteo","90_90_passivo_para_gluteo__elasticidade","elasticidade"
"PNF leve de glúteo em figura 4","pnf_leve_de_gluteo_em_figura_4__elasticidade","elasticidade"
"Cooldown de glúteos pós-pernas","cooldown_de_gluteos_pos_pernas__elasticidade","elasticidade"
"Flexor da anca em meio ajoelhado","flexor_da_anca_em_meio_ajoelhado__elasticidade","elasticidade"
"Flexor da anca com braço acima da cabeça","flexor_da_anca_com_braco_acima_da_cabeca__elasticidade","elasticidade"
"Couch stretch leve","couch_stretch_leve__elasticidade","elasticidade"
"Couch stretch com glúteo contraído","couch_stretch_com_gluteo_contraido__elasticidade","elasticidade"
"Quadríceps em pé","quadriceps_em_pe__elasticidade","elasticidade"
"Quadríceps deitado de lado","quadriceps_deitado_de_lado__elasticidade","elasticidade"
"Reto femoral em meio ajoelhado com pé elevado","reto_femoral_em_meio_ajoelhado_com_pe_elevado__elasticidade","elasticidade"
"Lunge dinâmico de flexores da anca","lunge_dinamico_de_flexores_da_anca__elasticidade","elasticidade"
"PNF leve dos flexores da anca","pnf_leve_dos_flexores_da_anca__elasticidade","elasticidade"
"Cooldown de quadríceps pós-pernas","cooldown_de_quadriceps_pos_pernas__elasticidade","elasticidade"
"Posterior de coxa deitado com toalha","posterior_de_coxa_deitado_com_toalha__elasticidade","elasticidade"
"Posterior de coxa deitado unilateral","posterior_de_coxa_deitado_unilateral__elasticidade","elasticidade"
"Posterior de coxa sentado","posterior_de_coxa_sentado__elasticidade","elasticidade"
"Alongamento em pé com dobradiça de anca","alongamento_em_pe_com_dobradica_de_anca__elasticidade","elasticidade"
"Perna elevada em banco","perna_elevada_em_banco__elasticidade","elasticidade"
"Leg swings frontais controlados","leg_swings_frontais_controlados__elasticidade","elasticidade"
"PNF posterior de coxa deitado","pnf_posterior_de_coxa_deitado__elasticidade","elasticidade"
"Posterior de coxa para pontapé frontal","posterior_de_coxa_para_pontape_frontal__elasticidade","elasticidade"
"Cooldown de posterior pós-peso morto","cooldown_de_posterior_pos_peso_morto__elasticidade","elasticidade"
"Borboleta sentada","borboleta_sentada__elasticidade","elasticidade"
"Borboleta com inclinação do tronco","borboleta_com_inclinacao_do_tronco__elasticidade","elasticidade"
"Frog stretch","frog_stretch__elasticidade","elasticidade"
"Alongamento lateral de adutores","alongamento_lateral_de_adutores__elasticidade","elasticidade"
"Cossack passivo","cossack_passivo__elasticidade","elasticidade"
"Rock back de adutores dinâmico","rock_back_de_adutores_dinamico__elasticidade","elasticidade"
"PNF de adutores em borboleta","pnf_de_adutores_em_borboleta__elasticidade","elasticidade"
"Abertura lateral assistida","abertura_lateral_assistida__elasticidade","elasticidade"
"Cooldown de adutores pós-artes marciais","cooldown_de_adutores_pos_artes_marciais__elasticidade","elasticidade"
"TFL em pé com perna cruzada","tfl_em_pe_com_perna_cruzada__elasticidade","elasticidade"
"TFL contra parede","tfl_contra_parede__elasticidade","elasticidade"
"Alongamento lateral da anca deitado","alongamento_lateral_da_anca_deitado__elasticidade","elasticidade"
"Glúteo médio joelho cruzado ao peito","gluteo_medio_joelho_cruzado_ao_peito__elasticidade","elasticidade"
"Cadeia lateral da coxa com perna cruzada","cadeia_lateral_da_coxa_com_perna_cruzada__elasticidade","elasticidade"
"Cooldown lateral da anca pós-corrida","cooldown_lateral_da_anca_pos_corrida__elasticidade","elasticidade"
"Gémeos na parede com joelho estendido","gemeos_na_parede_com_joelho_estendido__elasticidade","elasticidade"
"Gémeos com apoio em degrau baixo","gemeos_com_apoio_em_degrau_baixo__elasticidade","elasticidade"
"Sóleo na parede com joelho fletido","soleo_na_parede_com_joelho_fletido__elasticidade","elasticidade"
"Alongamento de gémeos em degrau","alongamento_de_gemeos_em_degrau__elasticidade","elasticidade"
"Rocking dinâmico de tornozelo e gémeos","rocking_dinamico_de_tornozelo_e_gemeos__elasticidade","elasticidade"
"Alongamento leve do Aquiles","alongamento_leve_do_aquiles__elasticidade","elasticidade"
"Cooldown de gémeos pós-corrida","cooldown_de_gemeos_pos_corrida__elasticidade","elasticidade"
"Tibial anterior ajoelhado","tibial_anterior_ajoelhado__elasticidade","elasticidade"
"Peito do pé sentado sobre os pés","peito_do_pe_sentado_sobre_os_pes__elasticidade","elasticidade"
"Peito do pé em pé com apoio","peito_do_pe_em_pe_com_apoio__elasticidade","elasticidade"
"Alongamento dos extensores dos dedos do pé","alongamento_dos_extensores_dos_dedos_do_pe__elasticidade","elasticidade"
"Cooldown leve da canela pós-corrida","cooldown_leve_da_canela_pos_corrida__elasticidade","elasticidade"
"Peito do pé para pontapés","peito_do_pe_para_pontapes__elasticidade","elasticidade"
"Dedos contra parede","dedos_contra_parede__elasticidade","elasticidade"
"Alongamento da planta do pé ajoelhado","alongamento_da_planta_do_pe_ajoelhado__elasticidade","elasticidade"
"Alongamento do dedo grande na parede","alongamento_do_dedo_grande_na_parede__elasticidade","elasticidade"
"Alongamento dos flexores dos dedos","alongamento_dos_flexores_dos_dedos__elasticidade","elasticidade"
"Bola de massagem na planta do pé","bola_de_massagem_na_planta_do_pe__elasticidade","elasticidade"
"Sequência de pés pós-dia em pé","sequencia_de_pes_pos_dia_em_pe__elasticidade","elasticidade"
"Half split","half_split__elasticidade","elasticidade"
"Half split com pé fletido","half_split_com_pe_fletido__elasticidade","elasticidade"
"Lunge profundo para abertura frontal","lunge_profundo_para_abertura_frontal__elasticidade","elasticidade"
"Abertura frontal assistida com apoios","abertura_frontal_assistida_com_apoios__elasticidade","elasticidade"
"PNF em half split","pnf_em_half_split__elasticidade","elasticidade"
"Perna elevada em banco para pontapé frontal","perna_elevada_em_banco_para_pontape_frontal__elasticidade","elasticidade"
"Pontapé frontal lento com amplitude progressiva","pontape_frontal_lento_com_amplitude_progressiva__elasticidade","elasticidade"
"Abertura lateral em pé assistida","abertura_lateral_em_pe_assistida__elasticidade","elasticidade"
"Abertura lateral com apoios","abertura_lateral_com_apoios__elasticidade","elasticidade"
"Frog stretch para side split","frog_stretch_para_side_split__elasticidade","elasticidade"
"Cossack passivo para side split","cossack_passivo_para_side_split__elasticidade","elasticidade"
"PNF de adutores para side split","pnf_de_adutores_para_side_split__elasticidade","elasticidade"
"Adutor em banco para pontapé circular","adutor_em_banco_para_pontape_circular__elasticidade","elasticidade"
"Pontapé circular lento com amplitude progressiva","pontape_circular_lento_com_amplitude_progressiva__elasticidade","elasticidade"
"elasticidade","elasticidade__elasticidade","elasticidade"
"mobilidade","mobilidade__elasticidade","elasticidade"
"Caminhada leve de recuperação","caminhada_leve_de_recuperacao__recuperacao","recuperacao"
"Caminhada nasal leve","caminhada_nasal_leve__recuperacao","recuperacao"
"Passeio leve pós-refeição","passeio_leve_pos_refeicao__recuperacao","recuperacao"
"Bicicleta muito leve de recuperação","bicicleta_muito_leve_de_recuperacao__recuperacao","recuperacao"
"Bicicleta leve pós-treino de pernas","bicicleta_leve_pos_treino_de_pernas__recuperacao","recuperacao"
"Elíptica muito leve de recuperação","eliptica_muito_leve_de_recuperacao__recuperacao","recuperacao"
"Air bike muito leve de recuperação","air_bike_muito_leve_de_recuperacao__recuperacao","recuperacao"
"Remo ergómetro muito leve","remo_ergometro_muito_leve__recuperacao","recuperacao"
"Cardio zona 1 em máquina","cardio_zona_1_em_maquina__recuperacao","recuperacao"
"Flush pós-pernas","flush_pos_pernas__recuperacao","recuperacao"
"Sombra técnica muito leve","sombra_tecnica_muito_leve__recuperacao","recuperacao"
"Footwork leve de recuperação","footwork_leve_de_recuperacao__recuperacao","recuperacao"
"Cooldown na passadeira","cooldown_na_passadeira__recuperacao","recuperacao"
"Cooldown caminhada exterior","cooldown_caminhada_exterior__recuperacao","recuperacao"
"Cooldown pós-musculação geral","cooldown_pos_musculacao_geral__recuperacao","recuperacao"
"Cooldown pós-treino superior","cooldown_pos_treino_superior__recuperacao","recuperacao"
"Cooldown pós-treino inferior","cooldown_pos_treino_inferior__recuperacao","recuperacao"
"Cooldown pós-corrida","cooldown_pos_corrida__recuperacao","recuperacao"
"Cooldown pós-intervalos intensos","cooldown_pos_intervalos_intensos__recuperacao","recuperacao"
"Cooldown pós-Karate","cooldown_pos_karate__recuperacao","recuperacao"
"Cooldown pós-BJJ","cooldown_pos_bjj__recuperacao","recuperacao"
"Cooldown pós-saco","cooldown_pos_saco__recuperacao","recuperacao"
"Reset respiratório sentado","reset_respiratorio_sentado__recuperacao","recuperacao"
"Reset articular pós-treino","reset_articular_pos_treino__recuperacao","recuperacao"
"Respiração com expiração longa deitado","respiracao_com_expiracao_longa_deitado__recuperacao","recuperacao"
"Respiração 4 entra, 6 sai","respiracao_4_entra_6_sai__recuperacao","recuperacao"
"Respiração 90/90 na parede","respiracao_90_90_na_parede__recuperacao","recuperacao"
"Respiração 90/90 com pés no sofá","respiracao_90_90_com_pes_no_sofa__recuperacao","recuperacao"
"Box breathing leve","box_breathing_leve__recuperacao","recuperacao"
"Caminhada leve com respiração nasal","caminhada_leve_com_respiracao_nasal__recuperacao","recuperacao"
"Respiração costal lateral","respiracao_costal_lateral__recuperacao","recuperacao"
"Sequência desligar pós-treino","sequencia_desligar_pos_treino__recuperacao","recuperacao"
"CARs leves de corpo inteiro","cars_leves_de_corpo_inteiro__recuperacao","recuperacao"
"CARs leves de ombros e anca","cars_leves_de_ombros_e_anca__recuperacao","recuperacao"
"Flow leve de mobilidade","flow_leve_de_mobilidade__recuperacao","recuperacao"
"Reset articular matinal","reset_articular_matinal__recuperacao","recuperacao"
"Reset articular ao fim do dia","reset_articular_ao_fim_do_dia__recuperacao","recuperacao"
"Flow leve coluna e anca","flow_leve_coluna_e_anca__recuperacao","recuperacao"
"Cat cow e 90/90 leve","cat_cow_e_90_90_leve__recuperacao","recuperacao"
"Flow leve de ombros","flow_leve_de_ombros__recuperacao","recuperacao"
"Alongamento estático leve geral","alongamento_estatico_leve_geral__recuperacao","recuperacao"
"Sequência leve pós-treino superior","sequencia_leve_pos_treino_superior__recuperacao","recuperacao"
"Sequência leve pós-treino inferior","sequencia_leve_pos_treino_inferior__recuperacao","recuperacao"
"Alongamentos leves à noite","alongamentos_leves_a_noite__recuperacao","recuperacao"
"Pescoço e peito pós-computador","pescoco_e_peito_pos_computador__recuperacao","recuperacao"
"Anca e posterior leve","anca_e_posterior_leve__recuperacao","recuperacao"
"Alongamento leve pós-pontapés","alongamento_leve_pos_pontapes__recuperacao","recuperacao"
"Foam roller nos quadríceps","foam_roller_nos_quadriceps__recuperacao","recuperacao"
"Foam roller nos gémeos","foam_roller_nos_gemeos__recuperacao","recuperacao"
"Foam roller nos glúteos","foam_roller_nos_gluteos__recuperacao","recuperacao"
"Foam roller no dorsal","foam_roller_no_dorsal__recuperacao","recuperacao"
"Foam roller na parte alta das costas","foam_roller_na_parte_alta_das_costas__recuperacao","recuperacao"
"Foam roller nos adutores","foam_roller_nos_adutores__recuperacao","recuperacao"
"Sequência foam roller pós-pernas","sequencia_foam_roller_pos_pernas__recuperacao","recuperacao"
"Foam roller pós-artes marciais","foam_roller_pos_artes_marciais__recuperacao","recuperacao"
"Bola de massagem na planta do pé","bola_de_massagem_na_planta_do_pe__recuperacao","recuperacao"
"Bola de massagem nos glúteos","bola_de_massagem_nos_gluteos__recuperacao","recuperacao"
"Bola de massagem no peitoral contra parede","bola_de_massagem_no_peitoral_contra_parede__recuperacao","recuperacao"
"Bola no trapézio contra parede","bola_no_trapezio_contra_parede__recuperacao","recuperacao"
"Bola de massagem no antebraço","bola_de_massagem_no_antebraco__recuperacao","recuperacao"
"Bola nas costas altas contra parede","bola_nas_costas_altas_contra_parede__recuperacao","recuperacao"
"Pistola de massagem nos quadríceps","pistola_de_massagem_nos_quadriceps__recuperacao","recuperacao"
"Pistola de massagem nos glúteos","pistola_de_massagem_nos_gluteos__recuperacao","recuperacao"
"Pistola de massagem nos gémeos","pistola_de_massagem_nos_gemeos__recuperacao","recuperacao"
"Pistola de massagem no dorsal","pistola_de_massagem_no_dorsal__recuperacao","recuperacao"
"Pistola de massagem no deltoide","pistola_de_massagem_no_deltoide__recuperacao","recuperacao"
"Protocolo seguro de pistola de massagem","protocolo_seguro_de_pistola_de_massagem__recuperacao","recuperacao"
"Calor leve para relaxamento muscular","calor_leve_para_relaxamento_muscular__recuperacao","recuperacao"
"Duche quente pós-treino leve","duche_quente_pos_treino_leve__recuperacao","recuperacao"
"Frio local curto","frio_local_curto__recuperacao","recuperacao"
"Contraste simples no duche","contraste_simples_no_duche__recuperacao","recuperacao"
"Calor para rigidez matinal","calor_para_rigidez_matinal__recuperacao","recuperacao"
"Checklist de segurança para temperatura","checklist_de_seguranca_para_temperatura__recuperacao","recuperacao"
"Shake out de mãos entre rounds","shake_out_de_maos_entre_rounds__recuperacao","recuperacao"
"Shake out pós-barras","shake_out_pos_barras__recuperacao","recuperacao"
"Alongamento leve de flexores do punho","alongamento_leve_de_flexores_do_punho__recuperacao","recuperacao"
"Alongamento leve de extensores do punho","alongamento_leve_de_extensores_do_punho__recuperacao","recuperacao"
"Extensão dos dedos com elástico leve","extensao_dos_dedos_com_elastico_leve__recuperacao","recuperacao"
"Sequência pós-BJJ para pega","sequencia_pos_bjj_para_pega__recuperacao","recuperacao"
"Sequência pós-barras e farmer walks","sequencia_pos_barras_e_farmer_walks__recuperacao","recuperacao"
"Reset de punhos após apoios","reset_de_punhos_apos_apoios__recuperacao","recuperacao"
"Recuperação dos pés após dia em pé","recuperacao_dos_pes_apos_dia_em_pe__recuperacao","recuperacao"
"Libertação leve da planta do pé","libertacao_leve_da_planta_do_pe__recuperacao","recuperacao"
"Mobilidade leve de tornozelo pós-treino","mobilidade_leve_de_tornozelo_pos_treino__recuperacao","recuperacao"
"Recuperação de gémeos pós-corrida","recuperacao_de_gemeos_pos_corrida__recuperacao","recuperacao"
"Recuperação de tibial anterior pós-passadeira","recuperacao_de_tibial_anterior_pos_passadeira__recuperacao","recuperacao"
"Elevação leve de pernas","elevacao_leve_de_pernas__recuperacao","recuperacao"
"Sequência pós-trabalho físico de pernas","sequencia_pos_trabalho_fisico_de_pernas__recuperacao","recuperacao"
"Posição de descarga lombar com pernas elevadas","posicao_de_descarga_lombar_com_pernas_elevadas__recuperacao","recuperacao"
"Child pose leve para lombar","child_pose_leve_para_lombar__recuperacao","recuperacao"
"Cat cow leve de recuperação","cat_cow_leve_de_recuperacao__recuperacao","recuperacao"
"Reset coluna pós-computador","reset_coluna_pos_computador__recuperacao","recuperacao"
"Reset de costas altas e escápulas","reset_de_costas_altas_e_escapulas__recuperacao","recuperacao"
"Recuperação lombar pós-dobradiça","recuperacao_lombar_pos_dobradica__recuperacao","recuperacao"
"Checklist de alerta para lombar","checklist_de_alerta_para_lombar__recuperacao","recuperacao"
"Sequência pós-Karate","sequencia_pos_karate__recuperacao","recuperacao"
"Sequência pós-BJJ","sequencia_pos_bjj__recuperacao","recuperacao"
"Sequência pós-saco","sequencia_pos_saco__recuperacao","recuperacao"
"Pescoço e ombros pós-grappling","pescoco_e_ombros_pos_grappling__recuperacao","recuperacao"
"Adutores e anca pós-artes marciais","adutores_e_anca_pos_artes_marciais__recuperacao","recuperacao"
"Desligar sistema nervoso pós-treino marcial","desligar_sistema_nervoso_pos_treino_marcial__recuperacao","recuperacao"
"Reset leve pós-sparring técnico","reset_leve_pos_sparring_tecnico__recuperacao","recuperacao"
"Check-in de carga do dia","check_in_de_carga_do_dia__recuperacao","recuperacao"
"Semana de deload por volume","semana_de_deload_por_volume__recuperacao","recuperacao"
"Semana de deload por intensidade","semana_de_deload_por_intensidade__recuperacao","recuperacao"
"Trocar sessão pesada por sessão leve","trocar_sessao_pesada_por_sessao_leve__recuperacao","recuperacao"
"Regra entre treinos do mesmo músculo","regra_entre_treinos_do_mesmo_musculo__recuperacao","recuperacao"
"Regra entre treinos de artes marciais","regra_entre_treinos_de_artes_marciais__recuperacao","recuperacao"
"Escala simples de prontidão","escala_simples_de_prontidao__recuperacao","recuperacao"
"Checklist de sinais de sobrecarga","checklist_de_sinais_de_sobrecarga__recuperacao","recuperacao"
"Rotina básica pré-sono","rotina_basica_pre_sono__recuperacao","recuperacao"
"Desaceleração ao fim do dia","desaceleracao_ao_fim_do_dia__recuperacao","recuperacao"
"Mobilidade leve antes de dormir","mobilidade_leve_antes_de_dormir__recuperacao","recuperacao"
"Respiração para pré-sono","respiracao_para_pre_sono__recuperacao","recuperacao"
"Recuperação após treino tardio","recuperacao_apos_treino_tardio__recuperacao","recuperacao"
"Dia de descanso estruturado","dia_de_descanso_estruturado__recuperacao","recuperacao"
"Triagem de dor muscular tardia","triagem_de_dor_muscular_tardia__recuperacao","recuperacao"
"Regra para dor articular","regra_para_dor_articular__recuperacao","recuperacao"
"Regra para tendão irritado","regra_para_tendao_irritado__recuperacao","recuperacao"
"Regra para formigueiro ou dormência","regra_para_formigueiro_ou_dormencia__recuperacao","recuperacao"
"Regra de parar em lesão aguda","regra_de_parar_em_lesao_aguda__recuperacao","recuperacao"
"Sinais para avaliação profissional","sinais_para_avaliacao_profissional__recuperacao","recuperacao"
"Cardio leve geral","cardio_leve_geral__aquecimento","aquecimento"
"Marcha no lugar progressiva","marcha_no_lugar_progressiva__aquecimento","aquecimento"
"Caminhada leve pré-treino","caminhada_leve_pre_treino__aquecimento","aquecimento"
"Bicicleta leve pré-treino","bicicleta_leve_pre_treino__aquecimento","aquecimento"
"Passadeira caminhada progressiva","passadeira_caminhada_progressiva__aquecimento","aquecimento"
"Passadeira corrida muito leve","passadeira_corrida_muito_leve__aquecimento","aquecimento"
"Corda leve de aquecimento","corda_leve_de_aquecimento__aquecimento","aquecimento"
"Corda boxer step leve","corda_boxer_step_leve__aquecimento","aquecimento"
"Sombra leve geral","sombra_leve_geral__aquecimento","aquecimento"
"Sombra com guarda e passos curtos","sombra_com_guarda_e_passos_curtos__aquecimento","aquecimento"
"Respiração em rampa leve","respiracao_em_rampa_leve__aquecimento","aquecimento"
"Caminhada com respiração progressiva","caminhada_com_respiracao_progressiva__aquecimento","aquecimento"
"CARs gerais de corpo inteiro","cars_gerais_de_corpo_inteiro__aquecimento","aquecimento"
"Sequência pescoço, ombros, anca e tornozelos","sequencia_pescoco_ombros_anca_e_tornozelos__aquecimento","aquecimento"
"Pescoço suave de aquecimento","pescoco_suave_de_aquecimento__aquecimento","aquecimento"
"Círculos de ombros","circulos_de_ombros__aquecimento","aquecimento"
"Shoulder CARs leves","shoulder_cars_leves__aquecimento","aquecimento"
"Círculos de punho e abrir dedos","circulos_de_punho_e_abrir_dedos__aquecimento","aquecimento"
"Rocking leve de punhos","rocking_leve_de_punhos__aquecimento","aquecimento"
"Cat cow leve pré-treino","cat_cow_leve_pre_treino__aquecimento","aquecimento"
"Rotação torácica em quadrupedia","rotacao_toracica_em_quadrupedia__aquecimento","aquecimento"
"Círculos de anca com apoio","circulos_de_anca_com_apoio__aquecimento","aquecimento"
"Flexão e extensão leve do joelho","flexao_e_extensao_leve_do_joelho__aquecimento","aquecimento"
"Círculos de tornozelo e dedos","circulos_de_tornozelo_e_dedos__aquecimento","aquecimento"
"World greatest stretch dinâmico","world_greatest_stretch_dinamico__aquecimento","aquecimento"
"Flow dinâmico curto","flow_dinamico_curto__aquecimento","aquecimento"
"Shin box switches dinâmicos","shin_box_switches_dinamicos__aquecimento","aquecimento"
"90/90 switches leves","90_90_switches_leves__aquecimento","aquecimento"
"Open book dinâmico","open_book_dinamico__aquecimento","aquecimento"
"Rotação torácica com alcance","rotacao_toracica_com_alcance__aquecimento","aquecimento"
"Knee to wall dinâmico","knee_to_wall_dinamico__aquecimento","aquecimento"
"Rocking de tornozelo em avanço","rocking_de_tornozelo_em_avanco__aquecimento","aquecimento"
"Leg swings frontais controlados","leg_swings_frontais_controlados__aquecimento","aquecimento"
"Walkouts de posterior leves","walkouts_de_posterior_leves__aquecimento","aquecimento"
"Rock back de adutores dinâmico","rock_back_de_adutores_dinamico__aquecimento","aquecimento"
"Cossack parcial dinâmico","cossack_parcial_dinamico__aquecimento","aquecimento"
"Wall slides dinâmicos","wall_slides_dinamicos__aquecimento","aquecimento"
"Agachamento assistido dinâmico","agachamento_assistido_dinamico__aquecimento","aquecimento"
"Glute bridge de ativação","glute_bridge_de_ativacao__ativacao","ativacao"
"Glute bridge com pausa no topo","glute_bridge_com_pausa_no_topo__ativacao","ativacao"
"Clam shell leve","clam_shell_leve__ativacao","ativacao"
"Lateral band walk","lateral_band_walk__ativacao","ativacao"
"Monster walk leve","monster_walk_leve__ativacao","ativacao"
"Rotação externa de anca com mini band","rotacao_externa_de_anca_com_mini_band__ativacao","ativacao"
"Hip airplane assistido","hip_airplane_assistido__ativacao","ativacao"
"Marcha de joelho alto controlada","marcha_de_joelho_alto_controlada__ativacao","ativacao"
"Câmara de pontapé frontal ativa","camara_de_pontape_frontal_ativa__ativacao","ativacao"
"Adductor squeeze leve","adductor_squeeze_leve__ativacao","ativacao"
"Copenhagen regressão curta","copenhagen_regressao_curta__ativacao","ativacao"
"Equilíbrio unipodal com joelho alto","equilibrio_unipodal_com_joelho_alto__ativacao","ativacao"
"Agachamento com pausa leve","agachamento_com_pausa_leve__ativacao","ativacao"
"Squat to stand leve","squat_to_stand_leve__ativacao","ativacao"
"Câmara de pontapé circular ativa","camara_de_pontape_circular_ativa__ativacao","ativacao"
"Respiração com bracing leve","respiracao_com_bracing_leve__ativacao","ativacao"
"Brace em pé antes de carga","brace_em_pe_antes_de_carga__ativacao","ativacao"
"Prancha curta de ativação","prancha_curta_de_ativacao__ativacao","ativacao"
"Hollow hold leve","hollow_hold_leve__ativacao","ativacao"
"Pallof press leve","pallof_press_leve__ativacao","ativacao"
"Dead bug de ativação","dead_bug_de_ativacao__ativacao","ativacao"
"Dead bug com expiração","dead_bug_com_expiracao__ativacao","ativacao"
"Bird dog de ativação","bird_dog_de_ativacao__ativacao","ativacao"
"Side plank curta","side_plank_curta__ativacao","ativacao"
"Side plank com joelhos apoiados","side_plank_com_joelhos_apoiados__ativacao","ativacao"
"McGill curl-up leve","mcgill_curl_up_leve__ativacao","ativacao"
"Rotação torácica com core ativo","rotacao_toracica_com_core_ativo__ativacao","ativacao"
"Bear hold curto","bear_hold_curto__ativacao","ativacao"
"Scapular push-up leve","scapular_push_up_leve__ativacao","ativacao"
"Prancha com protração escapular","prancha_com_protracao_escapular__ativacao","ativacao"
"Band pull-apart leve","band_pull_apart_leve__ativacao","ativacao"
"Retração escapular em pé","retracao_escapular_em_pe__ativacao","ativacao"
"Scapular pull-up leve","scapular_pull_up_leve__ativacao","ativacao"
"Depressão escapular com elástico","depressao_escapular_com_elastico__ativacao","ativacao"
"Wall slides com foco em escápula","wall_slides_com_foco_em_escapula__ativacao","ativacao"
"Y raise leve","y_raise_leve__ativacao","ativacao"
"Prone Y T W leve","prone_y_t_w_leve__ativacao","ativacao"
"Serratus wall slide","serratus_wall_slide__ativacao","ativacao"
"Face pull leve de ativação","face_pull_leve_de_ativacao__ativacao","ativacao"
"Guarda alta com serrátil ativo","guarda_alta_com_serratil_ativo__ativacao","ativacao"
"Rotação externa com elástico leve","rotacao_externa_com_elastico_leve__ativacao","ativacao"
"Rotação externa deitado de lado leve","rotacao_externa_deitado_de_lado_leve__ativacao","ativacao"
"Rotação interna com elástico leve","rotacao_interna_com_elastico_leve__ativacao","ativacao"
"Isometria de rotação externa na parede","isometria_de_rotacao_externa_na_parede__ativacao","ativacao"
"Isometria de rotação interna na parede","isometria_de_rotacao_interna_na_parede__ativacao","ativacao"
"Overhead hold leve","overhead_hold_leve__ativacao","ativacao"
"Bottoms-up carry leve","bottoms_up_carry_leve__ativacao","ativacao"
"Push-up plus regressivo","push_up_plus_regressivo__ativacao","ativacao"
"Straight arm pulldown leve","straight_arm_pulldown_leve__ativacao","ativacao"
"Jab leve no ar com guarda","jab_leve_no_ar_com_guarda__ativacao","ativacao"
"Sombra só de mãos leve","sombra_so_de_maos_leve__ativacao","ativacao"
"Frames leves em quadrupedia","frames_leves_em_quadrupedia__ativacao","ativacao"
"Rocking de punhos para apoio","rocking_de_punhos_para_apoio__aquecimento","aquecimento"
"Punhos para flexões na parede","punhos_para_flexoes_na_parede__aquecimento","aquecimento"
"Punhos e dedos para grappling","punhos_e_dedos_para_grappling__aquecimento","aquecimento"
"Aquecimento de pega com kimono","aquecimento_de_pega_com_kimono__aquecimento","aquecimento"
"Pega leve em toalha","pega_leve_em_toalha__aquecimento","aquecimento"
"Aquecimento de pega para barras","aquecimento_de_pega_para_barras__aquecimento","aquecimento"
"Extensão de dedos com elástico leve","extensao_de_dedos_com_elastico_leve__aquecimento","aquecimento"
"Pronação e supinação ativa","pronacao_e_supinacao_ativa__aquecimento","aquecimento"
"Pronação e supinação com halter leve","pronacao_e_supinacao_com_halter_leve__aquecimento","aquecimento"
"Alinhamento de punho na parede","alinhamento_de_punho_na_parede__aquecimento","aquecimento"
"Toques leves no saco para punhos","toques_leves_no_saco_para_punhos__aquecimento","aquecimento"
"Checklist de mãos antes de contacto","checklist_de_maos_antes_de_contacto__aquecimento","aquecimento"
"Short foot de aquecimento","short_foot_de_aquecimento__aquecimento","aquecimento"
"Doming do pé","doming_do_pe__aquecimento","aquecimento"
"Toe yoga","toe_yoga__aquecimento","aquecimento"
"Knee to wall pré-agachamento","knee_to_wall_pre_agachamento__aquecimento","aquecimento"
"Equilíbrio unipodal","equilibrio_unipodal__aquecimento","aquecimento"
"Elevação de tibial na parede","elevacao_de_tibial_na_parede__aquecimento","aquecimento"
"Toe raises em pé","toe_raises_em_pe__aquecimento","aquecimento"
"Calf raises leves","calf_raises_leves__aquecimento","aquecimento"
"Soleus raises leves","soleus_raises_leves__aquecimento","aquecimento"
"Pogo prep baixo","pogo_prep_baixo__aquecimento","aquecimento"
"Pivots controlados","pivots_controlados__aquecimento","aquecimento"
"Base marcial com troca de peso","base_marcial_com_troca_de_peso__aquecimento","aquecimento"
"Circuito leve de ombro preventivo","circuito_leve_de_ombro_preventivo__prevencao","prevencao"
"Rotação externa progressiva leve","rotacao_externa_progressiva_leve__prevencao","prevencao"
"Face pull preventivo leve","face_pull_preventivo_leve__prevencao","prevencao"
"Y T W preventivo","y_t_w_preventivo__prevencao","prevencao"
"Isometria leve de flexão do cotovelo","isometria_leve_de_flexao_do_cotovelo__prevencao","prevencao"
"Isometria leve de extensão do cotovelo","isometria_leve_de_extensao_do_cotovelo__prevencao","prevencao"
"Circuito punho-cotovelo leve","circuito_punho_cotovelo_leve__prevencao","prevencao"
"Sequência preventiva para striking","sequencia_preventiva_para_striking__prevencao","prevencao"
"Sequência preventiva para grappling","sequencia_preventiva_para_grappling__prevencao","prevencao"
"Wall slide e rotação externa","wall_slide_e_rotacao_externa__prevencao","prevencao"
"Scapular push-up preventivo","scapular_push_up_preventivo__prevencao","prevencao"
"Rotação externa isométrica semanal","rotacao_externa_isometrica_semanal__prevencao","prevencao"
"Hinge drill com cabo de vassoura","hinge_drill_com_cabo_de_vassoura__prevencao","prevencao"
"Dead bug preventivo","dead_bug_preventivo__prevencao","prevencao"
"Hip airplane assistido preventivo","hip_airplane_assistido_preventivo__prevencao","prevencao"
"Step down controlado","step_down_controlado__prevencao","prevencao"
"Agachamento para caixa controlado","agachamento_para_caixa_controlado__prevencao","prevencao"
"Copenhagen regressão de joelho apoiado","copenhagen_regressao_de_joelho_apoiado__prevencao","prevencao"
"Adductor squeeze preventivo","adductor_squeeze_preventivo__prevencao","prevencao"
"Hip hinge unilateral assistido","hip_hinge_unilateral_assistido__prevencao","prevencao"
"Nordic regressão isométrica","nordic_regressao_isometrica__prevencao","prevencao"
"Monster walk preventivo","monster_walk_preventivo__prevencao","prevencao"
"Split squat controlado","split_squat_controlado__prevencao","prevencao"
"Bird dog e shrimp leve","bird_dog_e_shrimp_leve__prevencao","prevencao"
"Equilíbrio unipodal preventivo","equilibrio_unipodal_preventivo__prevencao","prevencao"
"Short foot preventivo","short_foot_preventivo__prevencao","prevencao"
"Toe yoga preventivo","toe_yoga_preventivo__prevencao","prevencao"
"Elevação de tibial progressiva","elevacao_de_tibial_progressiva__prevencao","prevencao"
"Calf raise controlado","calf_raise_controlado__prevencao","prevencao"
"Soleus raise controlado","soleus_raise_controlado__prevencao","prevencao"
"Isometria de gémeos em meia ponta","isometria_de_gemeos_em_meia_ponta__prevencao","prevencao"
"Aterragem suave de baixa altura","aterragem_suave_de_baixa_altura__prevencao","prevencao"
"Circuito perna inferior para corrida","circuito_perna_inferior_para_corrida__prevencao","prevencao"
"Circuito tornozelo para footwork marcial","circuito_tornozelo_para_footwork_marcial__prevencao","prevencao"
"Aquecimento específico para agachamento","aquecimento_especifico_para_agachamento__aquecimento","aquecimento"
"Squat sem carga com pausa","squat_sem_carga_com_pausa__aquecimento","aquecimento"
"Aquecimento específico para hinge","aquecimento_especifico_para_hinge__aquecimento","aquecimento"
"Good morning sem carga","good_morning_sem_carga__aquecimento","aquecimento"
"Aquecimento específico para empurrar","aquecimento_especifico_para_empurrar__aquecimento","aquecimento"
"Flexão inclinada leve","flexao_inclinada_leve__aquecimento","aquecimento"
"Aquecimento específico para puxar","aquecimento_especifico_para_puxar__aquecimento","aquecimento"
"Remada elástico leve","remada_elastico_leve__aquecimento","aquecimento"
"Aquecimento específico para lunge","aquecimento_especifico_para_lunge__aquecimento","aquecimento"
"Aquecimento específico para carries","aquecimento_especifico_para_carries__aquecimento","aquecimento"
"Aquecimento específico para rotação","aquecimento_especifico_para_rotacao__aquecimento","aquecimento"
"Aterragem e pogo prep","aterragem_e_pogo_prep__aquecimento","aquecimento"
"Séries de aproximação","series_de_aproximacao__aquecimento","aquecimento"
"Série técnica com 40 a 60 por cento da carga","serie_tecnica_com_40_a_60_por_cento_da_carga__aquecimento","aquecimento"
"Aquecimento para supino","aquecimento_para_supino__aquecimento","aquecimento"
"Aquecimento para flexões","aquecimento_para_flexoes__aquecimento","aquecimento"
"Aquecimento para remadas","aquecimento_para_remadas__aquecimento","aquecimento"
"Aquecimento para barras","aquecimento_para_barras__aquecimento","aquecimento"
"Aquecimento para ombro","aquecimento_para_ombro__aquecimento","aquecimento"
"Aquecimento para braços","aquecimento_para_bracos__aquecimento","aquecimento"
"Aquecimento para dia de squat","aquecimento_para_dia_de_squat__aquecimento","aquecimento"
"Aquecimento para dia de deadlift","aquecimento_para_dia_de_deadlift__aquecimento","aquecimento"
"Aquecimento para treino de core","aquecimento_para_treino_de_core__aquecimento","aquecimento"
"Ramp-up para press vertical","ramp_up_para_press_vertical__aquecimento","aquecimento"
"Entrada progressiva no cardio","entrada_progressiva_no_cardio__aquecimento","aquecimento"
"Aquecimento para corrida exterior","aquecimento_para_corrida_exterior__aquecimento","aquecimento"
"Aquecimento para passadeira","aquecimento_para_passadeira__aquecimento","aquecimento"
"Aquecimento para corda","aquecimento_para_corda__aquecimento","aquecimento"
"Corda progressiva por blocos","corda_progressiva_por_blocos__aquecimento","aquecimento"
"Aquecimento para HIIT peso corporal","aquecimento_para_hiit_peso_corporal__aquecimento","aquecimento"
"Ramp-up de HIIT em máquina","ramp_up_de_hiit_em_maquina__aquecimento","aquecimento"
"Aquecimento para sprints","aquecimento_para_sprints__aquecimento","aquecimento"
"Acelerações progressivas","aceleracoes_progressivas__aquecimento","aquecimento"
"Aquecimento para mudanças de direção","aquecimento_para_mudancas_de_direcao__aquecimento","aquecimento"
"Aquecimento para bicicleta ou elíptica","aquecimento_para_bicicleta_ou_eliptica__aquecimento","aquecimento"
"Aquecimento para remo ergómetro","aquecimento_para_remo_ergometro__aquecimento","aquecimento"
"Aquecimento marcial geral","aquecimento_marcial_geral__aquecimento","aquecimento"
"Aquecimento para Karate","aquecimento_para_karate__aquecimento","aquecimento"
"Bases de Karate progressivas","bases_de_karate_progressivas__aquecimento","aquecimento"
"Aquecimento para BJJ","aquecimento_para_bjj__aquecimento","aquecimento"
"Solo leve de BJJ","solo_leve_de_bjj__aquecimento","aquecimento"
"Aquecimento para Boxe","aquecimento_para_boxe__aquecimento","aquecimento"
"Footwork de Boxe progressivo","footwork_de_boxe_progressivo__aquecimento","aquecimento"
"Aquecimento para Kickboxing e Muay Thai","aquecimento_para_kickboxing_e_muay_thai__aquecimento","aquecimento"
"Checks e teeps leves","checks_e_teeps_leves__aquecimento","aquecimento"
"Aquecimento para Judo","aquecimento_para_judo__aquecimento","aquecimento"
"Ukemi progressivo","ukemi_progressivo__aquecimento","aquecimento"
"Aquecimento para Taekwondo","aquecimento_para_taekwondo__aquecimento","aquecimento"
"Câmaras de pontapé progressivas","camaras_de_pontape_progressivas__aquecimento","aquecimento"
"Aquecimento para defesa pessoal funcional","aquecimento_para_defesa_pessoal_funcional__aquecimento","aquecimento"
"Guarda, saída e levantar do chão","guarda_saida_e_levantar_do_chao__aquecimento","aquecimento"
"Primer neural geral curto","primer_neural_geral_curto__aquecimento","aquecimento"
"Repetições rápidas submáximas","repeticoes_rapidas_submaximas__aquecimento","aquecimento"
"Equilíbrio unilateral como primer","equilibrio_unilateral_como_primer__aquecimento","aquecimento"
"Reação leve com comandos","reacao_leve_com_comandos__aquecimento","aquecimento"
"Ensaio técnico do exercício principal","ensaio_tecnico_do_exercicio_principal__aquecimento","aquecimento"
"Potenciação leve para força","potenciacao_leve_para_forca__aquecimento","aquecimento"
"Timing marcial leve","timing_marcial_leve__aquecimento","aquecimento"
"Agilidade progressiva com cones","agilidade_progressiva_com_cones__aquecimento","aquecimento"
"Passos laterais progressivos","passos_laterais_progressivos__aquecimento","aquecimento"
"Aceleração técnica curta","aceleracao_tecnica_curta__aquecimento","aquecimento"
"Preparação para ombros rígidos","preparacao_para_ombros_rigidos__prevencao","prevencao"
"Preparação para lombar rígida","preparacao_para_lombar_rigida__prevencao","prevencao"
"Preparação para joelho sensível","preparacao_para_joelho_sensivel__prevencao","prevencao"
"Preparação para anca rígida","preparacao_para_anca_rigida__prevencao","prevencao"
"Preparação para gémeos tensos","preparacao_para_gemeos_tensos__prevencao","prevencao"
"Preparação quando a pega está cansada","preparacao_quando_a_pega_esta_cansada__prevencao","prevencao"
"Preparação pós-computador antes de treinar","preparacao_pos_computador_antes_de_treinar__prevencao","prevencao"
"Aquecimento adaptado a dias de calor","aquecimento_adaptado_a_dias_de_calor__prevencao","prevencao"
"Wall slides pós-computador pré-treino","wall_slides_pos_computador_pre_treino__prevencao","prevencao"
"Respiração e pelvic tilts pré-treino","respiracao_e_pelvic_tilts_pre_treino__prevencao","prevencao"
"Check-in geral antes do treino","check_in_geral_antes_do_treino__aquecimento","aquecimento"
"Check de dor articular","check_de_dor_articular__aquecimento","aquecimento"
"Check de tendões","check_de_tendoes__aquecimento","aquecimento"
"Check antes de contacto marcial","check_antes_de_contacto_marcial__aquecimento","aquecimento"
"Check antes de HIIT ou sprints","check_antes_de_hiit_ou_sprints__aquecimento","aquecimento"
"Check antes de força pesada","check_antes_de_forca_pesada__aquecimento","aquecimento"
"Check do intervalo desde o último treino","check_do_intervalo_desde_o_ultimo_treino__aquecimento","aquecimento"
"Ajuste do plano pelo estado do dia","ajuste_do_plano_pelo_estado_do_dia__aquecimento","aquecimento"
