"nome_proposto","categoria","subcategoria","menu_onde_vai_aparecer","musculos_zona_articulacao","equipamento","local","motivo_da_necessidade","lacuna_que_resolve","prioridade","risco_de_duplicacao","tipo_de_inclusao","depende_de_aprovacao_humana","quando_pode_ser_adicionado"
"leg press - quadríceps/joelho - proposta 001","musculacao","leg press","Musculação > Ginásio > Máquinas","quadríceps/joelho","leg_press","ginásio","cobre equipamento crítico ainda sub-representado","equipamento crítico","P0","baixo","essencial","sim","apos_aprovacao_humana"
"leg extension - isquiotibiais/joelho - proposta 002","musculacao","leg extension","Musculação > Ginásio > Cabos","isquiotibiais/joelho","leg_extension","casa","reduz lacuna de grupo muscular visível","grupo muscular","P0","baixo","essencial","sim","apos_aprovacao_humana"
"leg curl - glúteos/anca - proposta 003","musculacao","leg curl","Musculação > Ginásio > Halteres","glúteos/anca","leg_curl","parque","melhora escolha progressiva para iniciantes","menu de força","P0","baixo","essencial","sim","apos_aprovacao_humana"
"smith machine squat - dorsais/escápulas - proposta 004","musculacao","smith machine squat","Musculação > Casa > Peso corporal + equipamento","dorsais/escápulas","smith_machine","box funcional","dá alternativa segura ao peso livre","progressão/regressão","P0","baixo","essencial","sim","apos_aprovacao_humana"
"lat pulldown - peitoral/ombro - proposta 005","musculacao","lat pulldown","Musculação > Funcional > Carga externa","peitoral/ombro","lat_pulldown","ginásio","cobre equipamento crítico ainda sub-representado","equipamento crítico","P0","baixo","essencial","sim","apos_aprovacao_humana"
"cable row - deltoides/ombro - proposta 006","musculacao","cable row","Musculação > Ginásio > Máquinas","deltoides/ombro","cable_machine","casa","reduz lacuna de grupo muscular visível","grupo muscular","P0","baixo","essencial","sim","apos_aprovacao_humana"
"bench press variation - core/coluna - proposta 007","musculacao","bench press variation","Musculação > Ginásio > Cabos","core/coluna","bench","parque","melhora escolha progressiva para iniciantes","menu de força","P0","baixo","essencial","sim","apos_aprovacao_humana"
"dumbbell unilateral - antebraço/pegada - proposta 008","musculacao","dumbbell unilateral","Musculação > Ginásio > Halteres","antebraço/pegada","dumbbells","box funcional","dá alternativa segura ao peso livre","progressão/regressão","P0","medio","essencial","sim","apos_aprovacao_humana"
"barbell hinge - quadríceps/joelho - proposta 009","musculacao","barbell hinge","Musculação > Casa > Peso corporal + equipamento","quadríceps/joelho","barbell","ginásio","cobre equipamento crítico ainda sub-representado","equipamento crítico","P0","baixo","essencial","sim","apos_aprovacao_humana"
"pull up progression - isquiotibiais/joelho - proposta 010","musculacao","pull up progression","Musculação > Funcional > Carga externa","isquiotibiais/joelho","pull_up_bar","casa","reduz lacuna de grupo muscular visível","grupo muscular","P0","baixo","essencial","sim","apos_aprovacao_humana"
"ab wheel - glúteos/anca - proposta 011","musculacao","ab wheel","Musculação > Ginásio > Máquinas","glúteos/anca","ab_wheel","parque","melhora escolha progressiva para iniciantes","menu de força","P0","baixo","essencial","nao","v0.9.9B"
"trx row - dorsais/escápulas - proposta 012","musculacao","trx row","Musculação > Ginásio > Cabos","dorsais/escápulas","trx","box funcional","dá alternativa segura ao peso livre","progressão/regressão","P0","baixo","essencial","nao","v0.9.9B"
"rings support - peitoral/ombro - proposta 013","musculacao","rings support","Musculação > Ginásio > Halteres","peitoral/ombro","rings","ginásio","cobre equipamento crítico ainda sub-representado","equipamento crítico","P0","baixo","essencial","nao","v0.9.9B"
"medicine ball core - deltoides/ombro - proposta 014","musculacao","medicine ball core","Musculação > Casa > Peso corporal + equipamento","deltoides/ombro","medicine_ball","casa","reduz lacuna de grupo muscular visível","grupo muscular","P0","baixo","essencial","nao","v0.9.9B"
"sandbag carry - core/coluna - proposta 015","musculacao","sandbag carry","Musculação > Funcional > Carga externa","core/coluna","sandbag","parque","melhora escolha progressiva para iniciantes","menu de força","P0","baixo","essencial","nao","v0.9.9B"
"leg press - antebraço/pegada - proposta 016","musculacao","leg press","Musculação > Ginásio > Máquinas","antebraço/pegada","leg_press","box funcional","dá alternativa segura ao peso livre","progressão/regressão","P0","baixo","essencial","nao","v0.9.9B"
"leg extension - quadríceps/joelho - proposta 017","musculacao","leg extension","Musculação > Ginásio > Cabos","quadríceps/joelho","leg_extension","ginásio","cobre equipamento crítico ainda sub-representado","equipamento crítico","P0","baixo","essencial","nao","v0.9.9B"
"leg curl - isquiotibiais/joelho - proposta 018","musculacao","leg curl","Musculação > Ginásio > Halteres","isquiotibiais/joelho","leg_curl","casa","reduz lacuna de grupo muscular visível","grupo muscular","P0","baixo","essencial","nao","v0.9.9B"
"smith machine squat - glúteos/anca - proposta 019","musculacao","smith machine squat","Musculação > Casa > Peso corporal + equipamento","glúteos/anca","smith_machine","parque","melhora escolha progressiva para iniciantes","menu de força","P0","baixo","essencial","nao","v0.9.9B"
"lat pulldown - dorsais/escápulas - proposta 020","musculacao","lat pulldown","Musculação > Funcional > Carga externa","dorsais/escápulas","lat_pulldown","box funcional","dá alternativa segura ao peso livre","progressão/regressão","P0","baixo","essencial","nao","v0.9.9B"
"cable row - peitoral/ombro - proposta 021","musculacao","cable row","Musculação > Ginásio > Máquinas","peitoral/ombro","cable_machine","ginásio","cobre equipamento crítico ainda sub-representado","equipamento crítico","P0","baixo","essencial","nao","v0.9.9B"
"bench press variation - deltoides/ombro - proposta 022","musculacao","bench press variation","Musculação > Ginásio > Cabos","deltoides/ombro","bench","casa","reduz lacuna de grupo muscular visível","grupo muscular","P0","baixo","essencial","nao","v0.9.9B"
"dumbbell unilateral - core/coluna - proposta 023","musculacao","dumbbell unilateral","Musculação > Ginásio > Halteres","core/coluna","dumbbells","parque","melhora escolha progressiva para iniciantes","menu de força","P0","medio","essencial","nao","v0.9.9B"
"barbell hinge - antebraço/pegada - proposta 024","musculacao","barbell hinge","Musculação > Casa > Peso corporal + equipamento","antebraço/pegada","barbell","box funcional","dá alternativa segura ao peso livre","progressão/regressão","P0","baixo","essencial","nao","v0.9.9B"
"pull up progression - quadríceps/joelho - proposta 025","musculacao","pull up progression","Musculação > Funcional > Carga externa","quadríceps/joelho","pull_up_bar","ginásio","cobre equipamento crítico ainda sub-representado","equipamento crítico","P0","baixo","essencial","nao","v0.9.9B"
"ab wheel - isquiotibiais/joelho - proposta 026","musculacao","ab wheel","Musculação > Ginásio > Máquinas","isquiotibiais/joelho","ab_wheel","casa","reduz lacuna de grupo muscular visível","grupo muscular","P0","baixo","essencial","nao","v0.9.9B"
"trx row - glúteos/anca - proposta 027","musculacao","trx row","Musculação > Ginásio > Cabos","glúteos/anca","trx","parque","melhora escolha progressiva para iniciantes","menu de força","P0","baixo","essencial","nao","v0.9.9B"
"rings support - dorsais/escápulas - proposta 028","musculacao","rings support","Musculação > Ginásio > Halteres","dorsais/escápulas","rings","box funcional","dá alternativa segura ao peso livre","progressão/regressão","P0","baixo","essencial","nao","v0.9.9B"
"medicine ball core - peitoral/ombro - proposta 029","musculacao","medicine ball core","Musculação > Casa > Peso corporal + equipamento","peitoral/ombro","medicine_ball","ginásio","cobre equipamento crítico ainda sub-representado","equipamento crítico","P0","baixo","essencial","nao","v0.9.9B"
"sandbag carry - deltoides/ombro - proposta 030","musculacao","sandbag carry","Musculação > Funcional > Carga externa","deltoides/ombro","sandbag","casa","reduz lacuna de grupo muscular visível","grupo muscular","P0","baixo","essencial","nao","v0.9.9B"
"leg press - core/coluna - proposta 031","musculacao","leg press","Musculação > Ginásio > Máquinas","core/coluna","leg_press","parque","melhora escolha progressiva para iniciantes","menu de força","P0","baixo","essencial","nao","v0.9.9B"
"leg extension - antebraço/pegada - proposta 032","musculacao","leg extension","Musculação > Ginásio > Cabos","antebraço/pegada","leg_extension","box funcional","dá alternativa segura ao peso livre","progressão/regressão","P0","baixo","essencial","nao","v0.9.9B"
"leg curl - quadríceps/joelho - proposta 033","musculacao","leg curl","Musculação > Ginásio > Halteres","quadríceps/joelho","leg_curl","ginásio","cobre equipamento crítico ainda sub-representado","equipamento crítico","P0","baixo","essencial","nao","v0.9.9B"
"smith machine squat - isquiotibiais/joelho - proposta 034","musculacao","smith machine squat","Musculação > Casa > Peso corporal + equipamento","isquiotibiais/joelho","smith_machine","casa","reduz lacuna de grupo muscular visível","grupo muscular","P0","baixo","essencial","nao","v0.9.9B"
"lat pulldown - glúteos/anca - proposta 035","musculacao","lat pulldown","Musculação > Funcional > Carga externa","glúteos/anca","lat_pulldown","parque","melhora escolha progressiva para iniciantes","menu de força","P0","baixo","essencial","nao","v0.9.9B"
"cable row - dorsais/escápulas - proposta 036","musculacao","cable row","Musculação > Ginásio > Máquinas","dorsais/escápulas","cable_machine","box funcional","dá alternativa segura ao peso livre","progressão/regressão","P0","baixo","essencial","nao","v0.9.9B"
"bench press variation - peitoral/ombro - proposta 037","musculacao","bench press variation","Musculação > Ginásio > Cabos","peitoral/ombro","bench","ginásio","cobre equipamento crítico ainda sub-representado","equipamento crítico","P0","baixo","essencial","nao","v0.9.9B"
"dumbbell unilateral - deltoides/ombro - proposta 038","musculacao","dumbbell unilateral","Musculação > Ginásio > Halteres","deltoides/ombro","dumbbells","casa","reduz lacuna de grupo muscular visível","grupo muscular","P0","medio","essencial","nao","v0.9.9B"
"barbell hinge - core/coluna - proposta 039","musculacao","barbell hinge","Musculação > Casa > Peso corporal + equipamento","core/coluna","barbell","parque","melhora escolha progressiva para iniciantes","menu de força","P0","baixo","essencial","nao","v0.9.9B"
"pull up progression - antebraço/pegada - proposta 040","musculacao","pull up progression","Musculação > Funcional > Carga externa","antebraço/pegada","pull_up_bar","box funcional","dá alternativa segura ao peso livre","progressão/regressão","P0","baixo","essencial","nao","v0.9.9B"
"ab wheel - quadríceps/joelho - proposta 041","musculacao","ab wheel","Musculação > Ginásio > Máquinas","quadríceps/joelho","ab_wheel","ginásio","cobre equipamento crítico ainda sub-representado","equipamento crítico","P0","baixo","essencial","nao","v0.9.9B"
"trx row - isquiotibiais/joelho - proposta 042","musculacao","trx row","Musculação > Ginásio > Cabos","isquiotibiais/joelho","trx","casa","reduz lacuna de grupo muscular visível","grupo muscular","P0","baixo","essencial","nao","v0.9.9B"
"rings support - glúteos/anca - proposta 043","musculacao","rings support","Musculação > Ginásio > Halteres","glúteos/anca","rings","parque","melhora escolha progressiva para iniciantes","menu de força","P0","baixo","essencial","nao","v0.9.9B"
"medicine ball core - dorsais/escápulas - proposta 044","musculacao","medicine ball core","Musculação > Casa > Peso corporal + equipamento","dorsais/escápulas","medicine_ball","box funcional","dá alternativa segura ao peso livre","progressão/regressão","P1","baixo","essencial","nao","v0.9.9B"
"sandbag carry - peitoral/ombro - proposta 045","musculacao","sandbag carry","Musculação > Funcional > Carga externa","peitoral/ombro","sandbag","ginásio","cobre equipamento crítico ainda sub-representado","equipamento crítico","P1","baixo","essencial","nao","v0.9.9B"
"leg press - deltoides/ombro - proposta 046","musculacao","leg press","Musculação > Ginásio > Máquinas","deltoides/ombro","leg_press","casa","reduz lacuna de grupo muscular visível","grupo muscular","P1","baixo","essencial","nao","v0.9.9B"
"leg extension - core/coluna - proposta 047","musculacao","leg extension","Musculação > Ginásio > Cabos","core/coluna","leg_extension","parque","melhora escolha progressiva para iniciantes","menu de força","P1","baixo","essencial","nao","v0.9.9B"
"leg curl - antebraço/pegada - proposta 048","musculacao","leg curl","Musculação > Ginásio > Halteres","antebraço/pegada","leg_curl","box funcional","dá alternativa segura ao peso livre","progressão/regressão","P1","baixo","essencial","nao","v0.9.9B"
"smith machine squat - quadríceps/joelho - proposta 049","musculacao","smith machine squat","Musculação > Casa > Peso corporal + equipamento","quadríceps/joelho","smith_machine","ginásio","cobre equipamento crítico ainda sub-representado","equipamento crítico","P1","baixo","essencial","nao","v0.9.9B"
"lat pulldown - isquiotibiais/joelho - proposta 050","musculacao","lat pulldown","Musculação > Funcional > Carga externa","isquiotibiais/joelho","lat_pulldown","casa","reduz lacuna de grupo muscular visível","grupo muscular","P1","baixo","essencial","nao","v0.9.9B"
"cable row - glúteos/anca - proposta 051","musculacao","cable row","Musculação > Ginásio > Máquinas","glúteos/anca","cable_machine","parque","melhora escolha progressiva para iniciantes","menu de força","P1","baixo","essencial","nao","v0.9.9B"
"bench press variation - dorsais/escápulas - proposta 052","musculacao","bench press variation","Musculação > Ginásio > Cabos","dorsais/escápulas","bench","box funcional","dá alternativa segura ao peso livre","progressão/regressão","P1","baixo","essencial","nao","v0.9.9B"
"dumbbell unilateral - peitoral/ombro - proposta 053","musculacao","dumbbell unilateral","Musculação > Ginásio > Halteres","peitoral/ombro","dumbbells","ginásio","cobre equipamento crítico ainda sub-representado","equipamento crítico","P1","medio","essencial","nao","v0.9.9B"
"barbell hinge - deltoides/ombro - proposta 054","musculacao","barbell hinge","Musculação > Casa > Peso corporal + equipamento","deltoides/ombro","barbell","casa","reduz lacuna de grupo muscular visível","grupo muscular","P1","baixo","essencial","nao","v0.9.9B"
"pull up progression - core/coluna - proposta 055","musculacao","pull up progression","Musculação > Funcional > Carga externa","core/coluna","pull_up_bar","parque","melhora escolha progressiva para iniciantes","menu de força","P1","baixo","essencial","nao","v0.9.9B"
"ab wheel - antebraço/pegada - proposta 056","musculacao","ab wheel","Musculação > Ginásio > Máquinas","antebraço/pegada","ab_wheel","box funcional","dá alternativa segura ao peso livre","progressão/regressão","P1","baixo","essencial","nao","v0.9.9B"
"trx row - quadríceps/joelho - proposta 057","musculacao","trx row","Musculação > Ginásio > Cabos","quadríceps/joelho","trx","ginásio","cobre equipamento crítico ainda sub-representado","equipamento crítico","P1","baixo","essencial","nao","v0.9.9B"
"rings support - isquiotibiais/joelho - proposta 058","musculacao","rings support","Musculação > Ginásio > Halteres","isquiotibiais/joelho","rings","casa","reduz lacuna de grupo muscular visível","grupo muscular","P1","baixo","essencial","nao","v0.9.9B"
"medicine ball core - glúteos/anca - proposta 059","musculacao","medicine ball core","Musculação > Casa > Peso corporal + equipamento","glúteos/anca","medicine_ball","parque","melhora escolha progressiva para iniciantes","menu de força","P1","baixo","essencial","nao","v0.9.9B"
"sandbag carry - dorsais/escápulas - proposta 060","musculacao","sandbag carry","Musculação > Funcional > Carga externa","dorsais/escápulas","sandbag","box funcional","dá alternativa segura ao peso livre","progressão/regressão","P1","baixo","essencial","nao","v0.9.9B"
"leg press - peitoral/ombro - proposta 061","musculacao","leg press","Musculação > Ginásio > Máquinas","peitoral/ombro","leg_press","ginásio","cobre equipamento crítico ainda sub-representado","equipamento crítico","P1","baixo","essencial","nao","v0.9.9B"
"leg extension - deltoides/ombro - proposta 062","musculacao","leg extension","Musculação > Ginásio > Cabos","deltoides/ombro","leg_extension","casa","reduz lacuna de grupo muscular visível","grupo muscular","P1","baixo","essencial","nao","v0.9.9B"
"leg curl - core/coluna - proposta 063","musculacao","leg curl","Musculação > Ginásio > Halteres","core/coluna","leg_curl","parque","melhora escolha progressiva para iniciantes","menu de força","P1","baixo","essencial","nao","v0.9.9B"
"smith machine squat - antebraço/pegada - proposta 064","musculacao","smith machine squat","Musculação > Casa > Peso corporal + equipamento","antebraço/pegada","smith_machine","box funcional","dá alternativa segura ao peso livre","progressão/regressão","P1","baixo","essencial","nao","v0.9.9B"
"lat pulldown - quadríceps/joelho - proposta 065","musculacao","lat pulldown","Musculação > Funcional > Carga externa","quadríceps/joelho","lat_pulldown","ginásio","cobre equipamento crítico ainda sub-representado","equipamento crítico","P1","baixo","essencial","nao","v0.9.9B"
"cable row - isquiotibiais/joelho - proposta 066","musculacao","cable row","Musculação > Ginásio > Máquinas","isquiotibiais/joelho","cable_machine","casa","reduz lacuna de grupo muscular visível","grupo muscular","P1","baixo","essencial","nao","v0.9.9B"
"bench press variation - glúteos/anca - proposta 067","musculacao","bench press variation","Musculação > Ginásio > Cabos","glúteos/anca","bench","parque","melhora escolha progressiva para iniciantes","menu de força","P1","baixo","essencial","nao","v0.9.9B"
"dumbbell unilateral - dorsais/escápulas - proposta 068","musculacao","dumbbell unilateral","Musculação > Ginásio > Halteres","dorsais/escápulas","dumbbells","box funcional","dá alternativa segura ao peso livre","progressão/regressão","P1","medio","essencial","nao","v0.9.9B"
"barbell hinge - peitoral/ombro - proposta 069","musculacao","barbell hinge","Musculação > Casa > Peso corporal + equipamento","peitoral/ombro","barbell","ginásio","cobre equipamento crítico ainda sub-representado","equipamento crítico","P1","baixo","essencial","nao","v0.9.9B"
"pull up progression - deltoides/ombro - proposta 070","musculacao","pull up progression","Musculação > Funcional > Carga externa","deltoides/ombro","pull_up_bar","casa","reduz lacuna de grupo muscular visível","grupo muscular","P1","baixo","essencial","nao","v0.9.9B"
"ab wheel - core/coluna - proposta 071","musculacao","ab wheel","Musculação > Ginásio > Máquinas","core/coluna","ab_wheel","parque","melhora escolha progressiva para iniciantes","menu de força","P1","baixo","essencial","nao","v0.9.9B"
"trx row - antebraço/pegada - proposta 072","musculacao","trx row","Musculação > Ginásio > Cabos","antebraço/pegada","trx","box funcional","dá alternativa segura ao peso livre","progressão/regressão","P1","baixo","essencial","nao","v0.9.9B"
"rings support - quadríceps/joelho - proposta 073","musculacao","rings support","Musculação > Ginásio > Halteres","quadríceps/joelho","rings","ginásio","cobre equipamento crítico ainda sub-representado","equipamento crítico","P1","baixo","essencial","nao","v0.9.9B"
"medicine ball core - isquiotibiais/joelho - proposta 074","musculacao","medicine ball core","Musculação > Casa > Peso corporal + equipamento","isquiotibiais/joelho","medicine_ball","casa","reduz lacuna de grupo muscular visível","grupo muscular","P1","baixo","essencial","nao","v0.9.9B"
"sandbag carry - glúteos/anca - proposta 075","musculacao","sandbag carry","Musculação > Funcional > Carga externa","glúteos/anca","sandbag","parque","melhora escolha progressiva para iniciantes","menu de força","P1","baixo","essencial","nao","v0.9.9B"
"leg press - dorsais/escápulas - proposta 076","musculacao","leg press","Musculação > Ginásio > Máquinas","dorsais/escápulas","leg_press","box funcional","dá alternativa segura ao peso livre","progressão/regressão","P1","baixo","essencial","nao","v0.9.9B"
"leg extension - peitoral/ombro - proposta 077","musculacao","leg extension","Musculação > Ginásio > Cabos","peitoral/ombro","leg_extension","ginásio","cobre equipamento crítico ainda sub-representado","equipamento crítico","P1","baixo","essencial","nao","v0.9.9B"
"leg curl - deltoides/ombro - proposta 078","musculacao","leg curl","Musculação > Ginásio > Halteres","deltoides/ombro","leg_curl","casa","reduz lacuna de grupo muscular visível","grupo muscular","P1","baixo","essencial","nao","v0.9.9B"
"smith machine squat - core/coluna - proposta 079","musculacao","smith machine squat","Musculação > Casa > Peso corporal + equipamento","core/coluna","smith_machine","parque","melhora escolha progressiva para iniciantes","menu de força","P1","baixo","essencial","nao","v0.9.9B"
"lat pulldown - antebraço/pegada - proposta 080","musculacao","lat pulldown","Musculação > Funcional > Carga externa","antebraço/pegada","lat_pulldown","box funcional","dá alternativa segura ao peso livre","progressão/regressão","P1","baixo","essencial","nao","v0.9.9B"
"cable row - quadríceps/joelho - proposta 081","musculacao","cable row","Musculação > Ginásio > Máquinas","quadríceps/joelho","cable_machine","ginásio","cobre equipamento crítico ainda sub-representado","equipamento crítico","P1","baixo","essencial","nao","v0.9.9B"
"bench press variation - isquiotibiais/joelho - proposta 082","musculacao","bench press variation","Musculação > Ginásio > Cabos","isquiotibiais/joelho","bench","casa","reduz lacuna de grupo muscular visível","grupo muscular","P1","baixo","essencial","nao","v0.9.9B"
"dumbbell unilateral - glúteos/anca - proposta 083","musculacao","dumbbell unilateral","Musculação > Ginásio > Halteres","glúteos/anca","dumbbells","parque","melhora escolha progressiva para iniciantes","menu de força","P1","medio","essencial","nao","v0.9.9B"
"barbell hinge - dorsais/escápulas - proposta 084","musculacao","barbell hinge","Musculação > Casa > Peso corporal + equipamento","dorsais/escápulas","barbell","box funcional","dá alternativa segura ao peso livre","progressão/regressão","P1","baixo","essencial","nao","v0.9.9B"
"pull up progression - peitoral/ombro - proposta 085","musculacao","pull up progression","Musculação > Funcional > Carga externa","peitoral/ombro","pull_up_bar","ginásio","cobre equipamento crítico ainda sub-representado","equipamento crítico","P1","baixo","essencial","nao","v0.9.9B"
"ab wheel - deltoides/ombro - proposta 086","musculacao","ab wheel","Musculação > Ginásio > Máquinas","deltoides/ombro","ab_wheel","casa","reduz lacuna de grupo muscular visível","grupo muscular","P1","baixo","essencial","nao","v0.9.9B"
"trx row - core/coluna - proposta 087","musculacao","trx row","Musculação > Ginásio > Cabos","core/coluna","trx","parque","melhora escolha progressiva para iniciantes","menu de força","P1","baixo","essencial","nao","v0.9.9B"
"rings support - antebraço/pegada - proposta 088","musculacao","rings support","Musculação > Ginásio > Halteres","antebraço/pegada","rings","box funcional","dá alternativa segura ao peso livre","progressão/regressão","P1","baixo","essencial","nao","v0.9.9B"
"medicine ball core - quadríceps/joelho - proposta 089","musculacao","medicine ball core","Musculação > Casa > Peso corporal + equipamento","quadríceps/joelho","medicine_ball","ginásio","cobre equipamento crítico ainda sub-representado","equipamento crítico","P1","baixo","essencial","nao","v0.9.9B"
"sandbag carry - isquiotibiais/joelho - proposta 090","musculacao","sandbag carry","Musculação > Funcional > Carga externa","isquiotibiais/joelho","sandbag","casa","reduz lacuna de grupo muscular visível","grupo muscular","P1","baixo","essencial","nao","v0.9.9B"
"leg press - glúteos/anca - proposta 091","musculacao","leg press","Musculação > Ginásio > Máquinas","glúteos/anca","leg_press","parque","melhora escolha progressiva para iniciantes","menu de força","P1","baixo","essencial","nao","v0.9.9B"
"leg extension - dorsais/escápulas - proposta 092","musculacao","leg extension","Musculação > Ginásio > Cabos","dorsais/escápulas","leg_extension","box funcional","dá alternativa segura ao peso livre","progressão/regressão","P1","baixo","essencial","nao","v0.9.9B"
"leg curl - peitoral/ombro - proposta 093","musculacao","leg curl","Musculação > Ginásio > Halteres","peitoral/ombro","leg_curl","ginásio","cobre equipamento crítico ainda sub-representado","equipamento crítico","P1","baixo","essencial","nao","v0.9.9B"
"smith machine squat - deltoides/ombro - proposta 094","musculacao","smith machine squat","Musculação > Casa > Peso corporal + equipamento","deltoides/ombro","smith_machine","casa","reduz lacuna de grupo muscular visível","grupo muscular","P1","baixo","essencial","nao","v0.9.9B"
"lat pulldown - core/coluna - proposta 095","musculacao","lat pulldown","Musculação > Funcional > Carga externa","core/coluna","lat_pulldown","parque","melhora escolha progressiva para iniciantes","menu de força","P1","baixo","essencial","nao","v0.9.9B"
"cable row - antebraço/pegada - proposta 096","musculacao","cable row","Musculação > Ginásio > Máquinas","antebraço/pegada","cable_machine","box funcional","dá alternativa segura ao peso livre","progressão/regressão","P2","baixo","expansao_futura","nao","v1.0_backlog"
"bench press variation - quadríceps/joelho - proposta 097","musculacao","bench press variation","Musculação > Ginásio > Cabos","quadríceps/joelho","bench","ginásio","cobre equipamento crítico ainda sub-representado","equipamento crítico","P2","baixo","expansao_futura","nao","v1.0_backlog"
"dumbbell unilateral - isquiotibiais/joelho - proposta 098","musculacao","dumbbell unilateral","Musculação > Ginásio > Halteres","isquiotibiais/joelho","dumbbells","casa","reduz lacuna de grupo muscular visível","grupo muscular","P2","medio","expansao_futura","nao","v1.0_backlog"
"barbell hinge - glúteos/anca - proposta 099","musculacao","barbell hinge","Musculação > Casa > Peso corporal + equipamento","glúteos/anca","barbell","parque","melhora escolha progressiva para iniciantes","menu de força","P2","baixo","expansao_futura","nao","v1.0_backlog"
"pull up progression - dorsais/escápulas - proposta 100","musculacao","pull up progression","Musculação > Funcional > Carga externa","dorsais/escápulas","pull_up_bar","box funcional","dá alternativa segura ao peso livre","progressão/regressão","P2","baixo","expansao_futura","nao","v1.0_backlog"
"ab wheel - peitoral/ombro - proposta 101","musculacao","ab wheel","Musculação > Ginásio > Máquinas","peitoral/ombro","ab_wheel","ginásio","cobre equipamento crítico ainda sub-representado","equipamento crítico","P2","baixo","expansao_futura","nao","v1.0_backlog"
"trx row - deltoides/ombro - proposta 102","musculacao","trx row","Musculação > Ginásio > Cabos","deltoides/ombro","trx","casa","reduz lacuna de grupo muscular visível","grupo muscular","P2","baixo","expansao_futura","nao","v1.0_backlog"
"rings support - core/coluna - proposta 103","musculacao","rings support","Musculação > Ginásio > Halteres","core/coluna","rings","parque","melhora escolha progressiva para iniciantes","menu de força","P2","baixo","expansao_futura","nao","v1.0_backlog"
"medicine ball core - antebraço/pegada - proposta 104","musculacao","medicine ball core","Musculação > Casa > Peso corporal + equipamento","antebraço/pegada","medicine_ball","box funcional","dá alternativa segura ao peso livre","progressão/regressão","P2","baixo","expansao_futura","nao","v1.0_backlog"
"sandbag carry - quadríceps/joelho - proposta 105","musculacao","sandbag carry","Musculação > Funcional > Carga externa","quadríceps/joelho","sandbag","ginásio","cobre equipamento crítico ainda sub-representado","equipamento crítico","P2","baixo","expansao_futura","nao","v1.0_backlog"
"leg press - isquiotibiais/joelho - proposta 106","musculacao","leg press","Musculação > Ginásio > Máquinas","isquiotibiais/joelho","leg_press","casa","reduz lacuna de grupo muscular visível","grupo muscular","P2","baixo","expansao_futura","nao","v1.0_backlog"
"leg extension - glúteos/anca - proposta 107","musculacao","leg extension","Musculação > Ginásio > Cabos","glúteos/anca","leg_extension","parque","melhora escolha progressiva para iniciantes","menu de força","P2","baixo","expansao_futura","nao","v1.0_backlog"
"leg curl - dorsais/escápulas - proposta 108","musculacao","leg curl","Musculação > Ginásio > Halteres","dorsais/escápulas","leg_curl","box funcional","dá alternativa segura ao peso livre","progressão/regressão","P2","baixo","expansao_futura","nao","v1.0_backlog"
"smith machine squat - peitoral/ombro - proposta 109","musculacao","smith machine squat","Musculação > Casa > Peso corporal + equipamento","peitoral/ombro","smith_machine","ginásio","cobre equipamento crítico ainda sub-representado","equipamento crítico","P2","baixo","expansao_futura","nao","v1.0_backlog"
"lat pulldown - deltoides/ombro - proposta 110","musculacao","lat pulldown","Musculação > Funcional > Carga externa","deltoides/ombro","lat_pulldown","casa","reduz lacuna de grupo muscular visível","grupo muscular","P2","baixo","expansao_futura","nao","v1.0_backlog"
"cable row - core/coluna - proposta 111","musculacao","cable row","Musculação > Ginásio > Máquinas","core/coluna","cable_machine","parque","melhora escolha progressiva para iniciantes","menu de força","P2","baixo","expansao_futura","nao","v1.0_backlog"
"bench press variation - antebraço/pegada - proposta 112","musculacao","bench press variation","Musculação > Ginásio > Cabos","antebraço/pegada","bench","box funcional","dá alternativa segura ao peso livre","progressão/regressão","P2","baixo","expansao_futura","nao","v1.0_backlog"
"dumbbell unilateral - quadríceps/joelho - proposta 113","musculacao","dumbbell unilateral","Musculação > Ginásio > Halteres","quadríceps/joelho","dumbbells","ginásio","cobre equipamento crítico ainda sub-representado","equipamento crítico","P2","medio","expansao_futura","nao","v1.0_backlog"
"passadeira técnica - cardiorrespiratório/joelho - proposta 001","cardio","passadeira técnica","Cardio > Ginásio","cardiorrespiratório/joelho","treadmill","ginásio","fecha lacunas de equipamento ativo","equipamento cardio","P0","baixo","essencial","nao","v0.9.9B"
"bicicleta ritmo controlado - cardiorrespiratório/anca - proposta 002","cardio","bicicleta ritmo controlado","Cardio > Casa","cardiorrespiratório/anca","stationary_bike","casa","cria alternativa de baixa intensidade","nível iniciante","P0","baixo","essencial","nao","v0.9.9B"
"elíptica base - cardiorrespiratório/tornozelo - proposta 003","cardio","elíptica base","Cardio > Outdoor","cardiorrespiratório/tornozelo","elliptical","exterior","melhora cobertura de cardio não-HIIT","baixo impacto","P0","baixo","essencial","nao","v0.9.9B"
"remo ergómetro - cardiorrespiratório/joelho - proposta 004","cardio","remo ergómetro","Cardio > Ginásio","cardiorrespiratório/joelho","rowing_machine","ginásio","fecha lacunas de equipamento ativo","equipamento cardio","P0","baixo","essencial","nao","v0.9.9B"
"corda leve - cardiorrespiratório/anca - proposta 005","cardio","corda leve","Cardio > Casa","cardiorrespiratório/anca","jump_rope","casa","cria alternativa de baixa intensidade","nível iniciante","P0","baixo","essencial","nao","v0.9.9B"
"passadeira técnica - cardiorrespiratório/tornozelo - proposta 006","cardio","passadeira técnica","Cardio > Outdoor","cardiorrespiratório/tornozelo","treadmill","exterior","melhora cobertura de cardio não-HIIT","baixo impacto","P1","baixo","essencial","nao","v0.9.9B"
"bicicleta ritmo controlado - cardiorrespiratório/joelho - proposta 007","cardio","bicicleta ritmo controlado","Cardio > Ginásio","cardiorrespiratório/joelho","stationary_bike","ginásio","fecha lacunas de equipamento ativo","equipamento cardio","P1","baixo","essencial","nao","v0.9.9B"
"elíptica base - cardiorrespiratório/anca - proposta 008","cardio","elíptica base","Cardio > Casa","cardiorrespiratório/anca","elliptical","casa","cria alternativa de baixa intensidade","nível iniciante","P1","baixo","essencial","nao","v0.9.9B"
"remo ergómetro - cardiorrespiratório/tornozelo - proposta 009","cardio","remo ergómetro","Cardio > Outdoor","cardiorrespiratório/tornozelo","rowing_machine","exterior","melhora cobertura de cardio não-HIIT","baixo impacto","P1","baixo","essencial","nao","v0.9.9B"
"corda leve - cardiorrespiratório/joelho - proposta 010","cardio","corda leve","Cardio > Ginásio","cardiorrespiratório/joelho","jump_rope","ginásio","fecha lacunas de equipamento ativo","equipamento cardio","P1","baixo","essencial","nao","v0.9.9B"
"passadeira técnica - cardiorrespiratório/anca - proposta 011","cardio","passadeira técnica","Cardio > Casa","cardiorrespiratório/anca","treadmill","casa","cria alternativa de baixa intensidade","nível iniciante","P2","baixo","expansao_futura","nao","v1.0_backlog"
"bicicleta ritmo controlado - cardiorrespiratório/tornozelo - proposta 012","cardio","bicicleta ritmo controlado","Cardio > Outdoor","cardiorrespiratório/tornozelo","stationary_bike","exterior","melhora cobertura de cardio não-HIIT","baixo impacto","P2","baixo","expansao_futura","nao","v1.0_backlog"
"elíptica base - cardiorrespiratório/joelho - proposta 013","cardio","elíptica base","Cardio > Ginásio","cardiorrespiratório/joelho","elliptical","ginásio","fecha lacunas de equipamento ativo","equipamento cardio","P2","baixo","expansao_futura","nao","v1.0_backlog"
"remo ergómetro - cardiorrespiratório/anca - proposta 014","cardio","remo ergómetro","Cardio > Casa","cardiorrespiratório/anca","rowing_machine","casa","cria alternativa de baixa intensidade","nível iniciante","P2","baixo","expansao_futura","nao","v1.0_backlog"
"corda leve - cardiorrespiratório/tornozelo - proposta 015","cardio","corda leve","Cardio > Outdoor","cardiorrespiratório/tornozelo","jump_rope","exterior","melhora cobertura de cardio não-HIIT","baixo impacto","P2","baixo","expansao_futura","nao","v1.0_backlog"
"karate kihon - técnica de base - proposta 001","artes_marciais","karate kihon","Artes marciais > Dojo > Karate","técnica de base","nenhum","dojo","cobre menus marciais gerais sem entrar em Shukokai final","modalidade marcial","P0","medio","essencial","sim","apos_aprovacao_humana"
"karate kata base - ancas/joelhos - proposta 002","artes_marciais","karate kata base","Artes marciais > Tatami > BJJ","ancas/joelhos","tatami","tatami","reduz dependência de fallback genérico","foco técnico","P0","medio","essencial","sim","apos_aprovacao_humana"
"kumite técnico - ombros/escápulas - proposta 003","artes_marciais","kumite técnico","Artes marciais > Saco/Aparadores","ombros/escápulas","saco","ginásio","melhora cobertura técnica para iniciantes","contexto dojo/tatami","P0","medio","essencial","sim","apos_aprovacao_humana"
"bunkai básico - core/rotação - proposta 004","artes_marciais","bunkai básico","Artes marciais > Defesa pessoal","core/rotação","aparadores","casa","cobre menus marciais gerais sem entrar em Shukokai final","modalidade marcial","P0","medio","essencial","sim","apos_aprovacao_humana"
"BJJ solo - equilíbrio/deslocamento - proposta 005","artes_marciais","BJJ solo","Artes marciais > Condicionamento","equilíbrio/deslocamento","kimono","dojo","reduz dependência de fallback genérico","foco técnico","P0","medio","essencial","sim","apos_aprovacao_humana"
"BJJ tatami - técnica de base - proposta 006","artes_marciais","BJJ tatami","Artes marciais > Dojo > Karate","técnica de base","cones","tatami","melhora cobertura técnica para iniciantes","contexto dojo/tatami","P0","medio","essencial","sim","apos_aprovacao_humana"
"defesa pessoal - ancas/joelhos - proposta 007","artes_marciais","defesa pessoal","Artes marciais > Tatami > BJJ","ancas/joelhos","nenhum","ginásio","cobre menus marciais gerais sem entrar em Shukokai final","modalidade marcial","P0","medio","essencial","sim","apos_aprovacao_humana"
"saco e aparadores - ombros/escápulas - proposta 008","artes_marciais","saco e aparadores","Artes marciais > Saco/Aparadores","ombros/escápulas","tatami","casa","reduz dependência de fallback genérico","foco técnico","P0","medio","essencial","sim","apos_aprovacao_humana"
"condicionamento marcial - core/rotação - proposta 009","artes_marciais","condicionamento marcial","Artes marciais > Defesa pessoal","core/rotação","saco","dojo","melhora cobertura técnica para iniciantes","contexto dojo/tatami","P0","medio","essencial","sim","apos_aprovacao_humana"
"mobilidade marcial - equilíbrio/deslocamento - proposta 010","artes_marciais","mobilidade marcial","Artes marciais > Condicionamento","equilíbrio/deslocamento","aparadores","tatami","cobre menus marciais gerais sem entrar em Shukokai final","modalidade marcial","P0","medio","essencial","sim","apos_aprovacao_humana"
"karate kihon - técnica de base - proposta 011","artes_marciais","karate kihon","Artes marciais > Dojo > Karate","técnica de base","kimono","ginásio","reduz dependência de fallback genérico","foco técnico","P0","medio","essencial","sim","apos_aprovacao_humana"
"karate kata base - ancas/joelhos - proposta 012","artes_marciais","karate kata base","Artes marciais > Tatami > BJJ","ancas/joelhos","cones","casa","melhora cobertura técnica para iniciantes","contexto dojo/tatami","P0","medio","essencial","sim","apos_aprovacao_humana"
"kumite técnico - ombros/escápulas - proposta 013","artes_marciais","kumite técnico","Artes marciais > Saco/Aparadores","ombros/escápulas","nenhum","dojo","cobre menus marciais gerais sem entrar em Shukokai final","modalidade marcial","P0","medio","essencial","sim","apos_aprovacao_humana"
"bunkai básico - core/rotação - proposta 014","artes_marciais","bunkai básico","Artes marciais > Defesa pessoal","core/rotação","tatami","tatami","reduz dependência de fallback genérico","foco técnico","P0","medio","essencial","sim","apos_aprovacao_humana"
"BJJ solo - equilíbrio/deslocamento - proposta 015","artes_marciais","BJJ solo","Artes marciais > Condicionamento","equilíbrio/deslocamento","saco","ginásio","melhora cobertura técnica para iniciantes","contexto dojo/tatami","P0","medio","essencial","sim","apos_aprovacao_humana"
"BJJ tatami - técnica de base - proposta 016","artes_marciais","BJJ tatami","Artes marciais > Dojo > Karate","técnica de base","aparadores","casa","cobre menus marciais gerais sem entrar em Shukokai final","modalidade marcial","P0","medio","essencial","sim","apos_aprovacao_humana"
"defesa pessoal - ancas/joelhos - proposta 017","artes_marciais","defesa pessoal","Artes marciais > Tatami > BJJ","ancas/joelhos","kimono","dojo","reduz dependência de fallback genérico","foco técnico","P0","medio","essencial","sim","apos_aprovacao_humana"
"saco e aparadores - ombros/escápulas - proposta 018","artes_marciais","saco e aparadores","Artes marciais > Saco/Aparadores","ombros/escápulas","cones","tatami","melhora cobertura técnica para iniciantes","contexto dojo/tatami","P0","medio","essencial","sim","apos_aprovacao_humana"
"condicionamento marcial - core/rotação - proposta 019","artes_marciais","condicionamento marcial","Artes marciais > Defesa pessoal","core/rotação","nenhum","ginásio","cobre menus marciais gerais sem entrar em Shukokai final","modalidade marcial","P0","medio","essencial","sim","apos_aprovacao_humana"
"mobilidade marcial - equilíbrio/deslocamento - proposta 020","artes_marciais","mobilidade marcial","Artes marciais > Condicionamento","equilíbrio/deslocamento","tatami","casa","reduz dependência de fallback genérico","foco técnico","P0","medio","essencial","sim","apos_aprovacao_humana"
"karate kihon - técnica de base - proposta 021","artes_marciais","karate kihon","Artes marciais > Dojo > Karate","técnica de base","saco","dojo","melhora cobertura técnica para iniciantes","contexto dojo/tatami","P0","medio","essencial","sim","apos_aprovacao_humana"
"karate kata base - ancas/joelhos - proposta 022","artes_marciais","karate kata base","Artes marciais > Tatami > BJJ","ancas/joelhos","aparadores","tatami","cobre menus marciais gerais sem entrar em Shukokai final","modalidade marcial","P0","medio","essencial","sim","apos_aprovacao_humana"
"kumite técnico - ombros/escápulas - proposta 023","artes_marciais","kumite técnico","Artes marciais > Saco/Aparadores","ombros/escápulas","kimono","ginásio","reduz dependência de fallback genérico","foco técnico","P0","medio","essencial","sim","apos_aprovacao_humana"
"bunkai básico - core/rotação - proposta 024","artes_marciais","bunkai básico","Artes marciais > Defesa pessoal","core/rotação","cones","casa","melhora cobertura técnica para iniciantes","contexto dojo/tatami","P0","medio","essencial","sim","apos_aprovacao_humana"
"BJJ solo - equilíbrio/deslocamento - proposta 025","artes_marciais","BJJ solo","Artes marciais > Condicionamento","equilíbrio/deslocamento","nenhum","dojo","cobre menus marciais gerais sem entrar em Shukokai final","modalidade marcial","P1","medio","essencial","sim","apos_aprovacao_humana"
"BJJ tatami - técnica de base - proposta 026","artes_marciais","BJJ tatami","Artes marciais > Dojo > Karate","técnica de base","tatami","tatami","reduz dependência de fallback genérico","foco técnico","P1","medio","essencial","sim","apos_aprovacao_humana"
"defesa pessoal - ancas/joelhos - proposta 027","artes_marciais","defesa pessoal","Artes marciais > Tatami > BJJ","ancas/joelhos","saco","ginásio","melhora cobertura técnica para iniciantes","contexto dojo/tatami","P1","medio","essencial","sim","apos_aprovacao_humana"
"saco e aparadores - ombros/escápulas - proposta 028","artes_marciais","saco e aparadores","Artes marciais > Saco/Aparadores","ombros/escápulas","aparadores","casa","cobre menus marciais gerais sem entrar em Shukokai final","modalidade marcial","P1","medio","essencial","sim","apos_aprovacao_humana"
"condicionamento marcial - core/rotação - proposta 029","artes_marciais","condicionamento marcial","Artes marciais > Defesa pessoal","core/rotação","kimono","dojo","reduz dependência de fallback genérico","foco técnico","P1","medio","essencial","sim","apos_aprovacao_humana"
"mobilidade marcial - equilíbrio/deslocamento - proposta 030","artes_marciais","mobilidade marcial","Artes marciais > Condicionamento","equilíbrio/deslocamento","cones","tatami","melhora cobertura técnica para iniciantes","contexto dojo/tatami","P1","medio","essencial","sim","apos_aprovacao_humana"
"karate kihon - técnica de base - proposta 031","artes_marciais","karate kihon","Artes marciais > Dojo > Karate","técnica de base","nenhum","ginásio","cobre menus marciais gerais sem entrar em Shukokai final","modalidade marcial","P1","medio","essencial","sim","apos_aprovacao_humana"
"karate kata base - ancas/joelhos - proposta 032","artes_marciais","karate kata base","Artes marciais > Tatami > BJJ","ancas/joelhos","tatami","casa","reduz dependência de fallback genérico","foco técnico","P1","medio","essencial","sim","apos_aprovacao_humana"
"kumite técnico - ombros/escápulas - proposta 033","artes_marciais","kumite técnico","Artes marciais > Saco/Aparadores","ombros/escápulas","saco","dojo","melhora cobertura técnica para iniciantes","contexto dojo/tatami","P1","medio","essencial","sim","apos_aprovacao_humana"
"bunkai básico - core/rotação - proposta 034","artes_marciais","bunkai básico","Artes marciais > Defesa pessoal","core/rotação","aparadores","tatami","cobre menus marciais gerais sem entrar em Shukokai final","modalidade marcial","P1","medio","essencial","sim","apos_aprovacao_humana"
"BJJ solo - equilíbrio/deslocamento - proposta 035","artes_marciais","BJJ solo","Artes marciais > Condicionamento","equilíbrio/deslocamento","kimono","ginásio","reduz dependência de fallback genérico","foco técnico","P1","medio","essencial","sim","apos_aprovacao_humana"
"BJJ tatami - técnica de base - proposta 036","artes_marciais","BJJ tatami","Artes marciais > Dojo > Karate","técnica de base","cones","casa","melhora cobertura técnica para iniciantes","contexto dojo/tatami","P1","medio","essencial","sim","apos_aprovacao_humana"
"defesa pessoal - ancas/joelhos - proposta 037","artes_marciais","defesa pessoal","Artes marciais > Tatami > BJJ","ancas/joelhos","nenhum","dojo","cobre menus marciais gerais sem entrar em Shukokai final","modalidade marcial","P1","medio","essencial","sim","apos_aprovacao_humana"
"saco e aparadores - ombros/escápulas - proposta 038","artes_marciais","saco e aparadores","Artes marciais > Saco/Aparadores","ombros/escápulas","tatami","tatami","reduz dependência de fallback genérico","foco técnico","P1","medio","essencial","sim","apos_aprovacao_humana"
"condicionamento marcial - core/rotação - proposta 039","artes_marciais","condicionamento marcial","Artes marciais > Defesa pessoal","core/rotação","saco","ginásio","melhora cobertura técnica para iniciantes","contexto dojo/tatami","P1","medio","essencial","sim","apos_aprovacao_humana"
"mobilidade marcial - equilíbrio/deslocamento - proposta 040","artes_marciais","mobilidade marcial","Artes marciais > Condicionamento","equilíbrio/deslocamento","aparadores","casa","cobre menus marciais gerais sem entrar em Shukokai final","modalidade marcial","P1","medio","essencial","sim","apos_aprovacao_humana"
"karate kihon - técnica de base - proposta 041","artes_marciais","karate kihon","Artes marciais > Dojo > Karate","técnica de base","kimono","dojo","reduz dependência de fallback genérico","foco técnico","P1","medio","essencial","sim","apos_aprovacao_humana"
"karate kata base - ancas/joelhos - proposta 042","artes_marciais","karate kata base","Artes marciais > Tatami > BJJ","ancas/joelhos","cones","tatami","melhora cobertura técnica para iniciantes","contexto dojo/tatami","P1","medio","essencial","sim","apos_aprovacao_humana"
"kumite técnico - ombros/escápulas - proposta 043","artes_marciais","kumite técnico","Artes marciais > Saco/Aparadores","ombros/escápulas","nenhum","ginásio","cobre menus marciais gerais sem entrar em Shukokai final","modalidade marcial","P1","medio","essencial","sim","apos_aprovacao_humana"
"bunkai básico - core/rotação - proposta 044","artes_marciais","bunkai básico","Artes marciais > Defesa pessoal","core/rotação","tatami","casa","reduz dependência de fallback genérico","foco técnico","P1","medio","essencial","sim","apos_aprovacao_humana"
"BJJ solo - equilíbrio/deslocamento - proposta 045","artes_marciais","BJJ solo","Artes marciais > Condicionamento","equilíbrio/deslocamento","saco","dojo","melhora cobertura técnica para iniciantes","contexto dojo/tatami","P1","medio","essencial","sim","apos_aprovacao_humana"
"BJJ tatami - técnica de base - proposta 046","artes_marciais","BJJ tatami","Artes marciais > Dojo > Karate","técnica de base","aparadores","tatami","cobre menus marciais gerais sem entrar em Shukokai final","modalidade marcial","P1","medio","essencial","sim","apos_aprovacao_humana"
"defesa pessoal - ancas/joelhos - proposta 047","artes_marciais","defesa pessoal","Artes marciais > Tatami > BJJ","ancas/joelhos","kimono","ginásio","reduz dependência de fallback genérico","foco técnico","P1","medio","essencial","sim","apos_aprovacao_humana"
"saco e aparadores - ombros/escápulas - proposta 048","artes_marciais","saco e aparadores","Artes marciais > Saco/Aparadores","ombros/escápulas","cones","casa","melhora cobertura técnica para iniciantes","contexto dojo/tatami","P1","medio","essencial","sim","apos_aprovacao_humana"
"condicionamento marcial - core/rotação - proposta 049","artes_marciais","condicionamento marcial","Artes marciais > Defesa pessoal","core/rotação","nenhum","dojo","cobre menus marciais gerais sem entrar em Shukokai final","modalidade marcial","P1","medio","essencial","sim","apos_aprovacao_humana"
"mobilidade marcial - equilíbrio/deslocamento - proposta 050","artes_marciais","mobilidade marcial","Artes marciais > Condicionamento","equilíbrio/deslocamento","tatami","tatami","reduz dependência de fallback genérico","foco técnico","P1","medio","essencial","sim","apos_aprovacao_humana"
"karate kihon - técnica de base - proposta 051","artes_marciais","karate kihon","Artes marciais > Dojo > Karate","técnica de base","saco","ginásio","melhora cobertura técnica para iniciantes","contexto dojo/tatami","P1","medio","essencial","sim","apos_aprovacao_humana"
"karate kata base - ancas/joelhos - proposta 052","artes_marciais","karate kata base","Artes marciais > Tatami > BJJ","ancas/joelhos","aparadores","casa","cobre menus marciais gerais sem entrar em Shukokai final","modalidade marcial","P1","medio","essencial","sim","apos_aprovacao_humana"
"kumite técnico - ombros/escápulas - proposta 053","artes_marciais","kumite técnico","Artes marciais > Saco/Aparadores","ombros/escápulas","kimono","dojo","reduz dependência de fallback genérico","foco técnico","P2","medio","expansao_futura","sim","apos_aprovacao_humana"
"bunkai básico - core/rotação - proposta 054","artes_marciais","bunkai básico","Artes marciais > Defesa pessoal","core/rotação","cones","tatami","melhora cobertura técnica para iniciantes","contexto dojo/tatami","P2","medio","expansao_futura","sim","apos_aprovacao_humana"
"BJJ solo - equilíbrio/deslocamento - proposta 055","artes_marciais","BJJ solo","Artes marciais > Condicionamento","equilíbrio/deslocamento","nenhum","ginásio","cobre menus marciais gerais sem entrar em Shukokai final","modalidade marcial","P2","medio","expansao_futura","sim","apos_aprovacao_humana"
"BJJ tatami - técnica de base - proposta 056","artes_marciais","BJJ tatami","Artes marciais > Dojo > Karate","técnica de base","tatami","casa","reduz dependência de fallback genérico","foco técnico","P2","medio","expansao_futura","sim","apos_aprovacao_humana"
"defesa pessoal - ancas/joelhos - proposta 057","artes_marciais","defesa pessoal","Artes marciais > Tatami > BJJ","ancas/joelhos","saco","dojo","melhora cobertura técnica para iniciantes","contexto dojo/tatami","P2","medio","expansao_futura","sim","apos_aprovacao_humana"
"saco e aparadores - ombros/escápulas - proposta 058","artes_marciais","saco e aparadores","Artes marciais > Saco/Aparadores","ombros/escápulas","aparadores","tatami","cobre menus marciais gerais sem entrar em Shukokai final","modalidade marcial","P2","medio","expansao_futura","sim","apos_aprovacao_humana"
"condicionamento marcial - core/rotação - proposta 059","artes_marciais","condicionamento marcial","Artes marciais > Defesa pessoal","core/rotação","kimono","ginásio","reduz dependência de fallback genérico","foco técnico","P2","medio","expansao_futura","sim","apos_aprovacao_humana"
"mobilidade marcial - equilíbrio/deslocamento - proposta 060","artes_marciais","mobilidade marcial","Artes marciais > Condicionamento","equilíbrio/deslocamento","cones","casa","melhora cobertura técnica para iniciantes","contexto dojo/tatami","P2","medio","expansao_futura","sim","apos_aprovacao_humana"
"karate kihon - técnica de base - proposta 061","artes_marciais","karate kihon","Artes marciais > Dojo > Karate","técnica de base","nenhum","dojo","cobre menus marciais gerais sem entrar em Shukokai final","modalidade marcial","P2","medio","expansao_futura","sim","apos_aprovacao_humana"
"karate kata base - ancas/joelhos - proposta 062","artes_marciais","karate kata base","Artes marciais > Tatami > BJJ","ancas/joelhos","tatami","tatami","reduz dependência de fallback genérico","foco técnico","P2","medio","expansao_futura","sim","apos_aprovacao_humana"
"kumite técnico - ombros/escápulas - proposta 063","artes_marciais","kumite técnico","Artes marciais > Saco/Aparadores","ombros/escápulas","saco","ginásio","melhora cobertura técnica para iniciantes","contexto dojo/tatami","P2","medio","expansao_futura","sim","apos_aprovacao_humana"
"bunkai básico - core/rotação - proposta 064","artes_marciais","bunkai básico","Artes marciais > Defesa pessoal","core/rotação","aparadores","casa","cobre menus marciais gerais sem entrar em Shukokai final","modalidade marcial","P2","medio","expansao_futura","sim","apos_aprovacao_humana"
"BJJ solo - equilíbrio/deslocamento - proposta 065","artes_marciais","BJJ solo","Artes marciais > Condicionamento","equilíbrio/deslocamento","kimono","dojo","reduz dependência de fallback genérico","foco técnico","P2","medio","expansao_futura","sim","apos_aprovacao_humana"
"BJJ tatami - técnica de base - proposta 066","artes_marciais","BJJ tatami","Artes marciais > Dojo > Karate","técnica de base","cones","tatami","melhora cobertura técnica para iniciantes","contexto dojo/tatami","P2","medio","expansao_futura","sim","apos_aprovacao_humana"
"defesa pessoal - ancas/joelhos - proposta 067","artes_marciais","defesa pessoal","Artes marciais > Tatami > BJJ","ancas/joelhos","nenhum","ginásio","cobre menus marciais gerais sem entrar em Shukokai final","modalidade marcial","P2","medio","expansao_futura","sim","apos_aprovacao_humana"
"saco e aparadores - ombros/escápulas - proposta 068","artes_marciais","saco e aparadores","Artes marciais > Saco/Aparadores","ombros/escápulas","tatami","casa","reduz dependência de fallback genérico","foco técnico","P2","medio","expansao_futura","sim","apos_aprovacao_humana"
"mobilidade torácica - coluna torácica - proposta 001","mobilidade","mobilidade torácica","Mobilidade > Casa","coluna torácica","nenhum","casa","cobre articulações visíveis com poucas opções","articulação","P0","baixo","essencial","nao","v0.9.9B"
"mobilidade anca - anca - proposta 002","mobilidade","mobilidade anca","Mobilidade > Ginásio","anca","foam_roller","ginásio","melhora preparação segura antes do treino","local","P0","baixo","essencial","nao","v0.9.9B"
"mobilidade tornozelo - tornozelo - proposta 003","mobilidade","mobilidade tornozelo","Mobilidade > Pré-treino","tornozelo","stick","dojo","dá alternativa sem equipamento","pré-treino","P0","baixo","essencial","nao","v0.9.9B"
"mobilidade ombro - ombro - proposta 004","mobilidade","mobilidade ombro","Mobilidade > Casa","ombro","wall","casa","cobre articulações visíveis com poucas opções","articulação","P0","baixo","essencial","nao","v0.9.9B"
"mobilidade punho - punho - proposta 005","mobilidade","mobilidade punho","Mobilidade > Ginásio","punho","bench","ginásio","melhora preparação segura antes do treino","local","P0","baixo","essencial","nao","v0.9.9B"
"mobilidade cervical - pescoço - proposta 006","mobilidade","mobilidade cervical","Mobilidade > Pré-treino","pescoço","nenhum","dojo","dá alternativa sem equipamento","pré-treino","P0","baixo","essencial","nao","v0.9.9B"
"mobilidade torácica - coluna torácica - proposta 007","mobilidade","mobilidade torácica","Mobilidade > Casa","coluna torácica","foam_roller","casa","cobre articulações visíveis com poucas opções","articulação","P0","baixo","essencial","nao","v0.9.9B"
"mobilidade anca - anca - proposta 008","mobilidade","mobilidade anca","Mobilidade > Ginásio","anca","stick","ginásio","melhora preparação segura antes do treino","local","P0","baixo","essencial","nao","v0.9.9B"
"mobilidade tornozelo - tornozelo - proposta 009","mobilidade","mobilidade tornozelo","Mobilidade > Pré-treino","tornozelo","wall","dojo","dá alternativa sem equipamento","pré-treino","P0","baixo","essencial","nao","v0.9.9B"
"mobilidade ombro - ombro - proposta 010","mobilidade","mobilidade ombro","Mobilidade > Casa","ombro","bench","casa","cobre articulações visíveis com poucas opções","articulação","P1","baixo","essencial","nao","v0.9.9B"
"mobilidade punho - punho - proposta 011","mobilidade","mobilidade punho","Mobilidade > Ginásio","punho","nenhum","ginásio","melhora preparação segura antes do treino","local","P1","baixo","essencial","nao","v0.9.9B"
"mobilidade cervical - pescoço - proposta 012","mobilidade","mobilidade cervical","Mobilidade > Pré-treino","pescoço","foam_roller","dojo","dá alternativa sem equipamento","pré-treino","P1","baixo","essencial","nao","v0.9.9B"
"mobilidade torácica - coluna torácica - proposta 013","mobilidade","mobilidade torácica","Mobilidade > Casa","coluna torácica","stick","casa","cobre articulações visíveis com poucas opções","articulação","P1","baixo","essencial","nao","v0.9.9B"
"mobilidade anca - anca - proposta 014","mobilidade","mobilidade anca","Mobilidade > Ginásio","anca","wall","ginásio","melhora preparação segura antes do treino","local","P1","baixo","essencial","nao","v0.9.9B"
"mobilidade tornozelo - tornozelo - proposta 015","mobilidade","mobilidade tornozelo","Mobilidade > Pré-treino","tornozelo","bench","dojo","dá alternativa sem equipamento","pré-treino","P1","baixo","essencial","nao","v0.9.9B"
"mobilidade ombro - ombro - proposta 016","mobilidade","mobilidade ombro","Mobilidade > Casa","ombro","nenhum","casa","cobre articulações visíveis com poucas opções","articulação","P1","baixo","essencial","nao","v0.9.9B"
"mobilidade punho - punho - proposta 017","mobilidade","mobilidade punho","Mobilidade > Ginásio","punho","foam_roller","ginásio","melhora preparação segura antes do treino","local","P1","baixo","essencial","nao","v0.9.9B"
"mobilidade cervical - pescoço - proposta 018","mobilidade","mobilidade cervical","Mobilidade > Pré-treino","pescoço","stick","dojo","dá alternativa sem equipamento","pré-treino","P1","baixo","essencial","nao","v0.9.9B"
"mobilidade torácica - coluna torácica - proposta 019","mobilidade","mobilidade torácica","Mobilidade > Casa","coluna torácica","wall","casa","cobre articulações visíveis com poucas opções","articulação","P1","baixo","essencial","nao","v0.9.9B"
"mobilidade anca - anca - proposta 020","mobilidade","mobilidade anca","Mobilidade > Ginásio","anca","bench","ginásio","melhora preparação segura antes do treino","local","P1","baixo","essencial","nao","v0.9.9B"
"mobilidade tornozelo - tornozelo - proposta 021","mobilidade","mobilidade tornozelo","Mobilidade > Pré-treino","tornozelo","nenhum","dojo","dá alternativa sem equipamento","pré-treino","P2","baixo","expansao_futura","nao","v1.0_backlog"
"mobilidade ombro - ombro - proposta 022","mobilidade","mobilidade ombro","Mobilidade > Casa","ombro","foam_roller","casa","cobre articulações visíveis com poucas opções","articulação","P2","baixo","expansao_futura","nao","v1.0_backlog"
"mobilidade punho - punho - proposta 023","mobilidade","mobilidade punho","Mobilidade > Ginásio","punho","stick","ginásio","melhora preparação segura antes do treino","local","P2","baixo","expansao_futura","nao","v1.0_backlog"
"mobilidade cervical - pescoço - proposta 024","mobilidade","mobilidade cervical","Mobilidade > Pré-treino","pescoço","wall","dojo","dá alternativa sem equipamento","pré-treino","P2","baixo","expansao_futura","nao","v1.0_backlog"
"mobilidade torácica - coluna torácica - proposta 025","mobilidade","mobilidade torácica","Mobilidade > Casa","coluna torácica","bench","casa","cobre articulações visíveis com poucas opções","articulação","P2","baixo","expansao_futura","nao","v1.0_backlog"
"mobilidade anca - anca - proposta 026","mobilidade","mobilidade anca","Mobilidade > Ginásio","anca","nenhum","ginásio","melhora preparação segura antes do treino","local","P2","baixo","expansao_futura","nao","v1.0_backlog"
"mobilidade tornozelo - tornozelo - proposta 027","mobilidade","mobilidade tornozelo","Mobilidade > Pré-treino","tornozelo","foam_roller","dojo","dá alternativa sem equipamento","pré-treino","P2","baixo","expansao_futura","nao","v1.0_backlog"
"alongamento cadeia posterior - isquiotibiais - proposta 001","elasticidade","alongamento cadeia posterior","Elasticidade > Casa","isquiotibiais","nenhum","casa","fecha lacunas por zona corporal","zona corporal","P0","baixo","essencial","nao","v0.9.9B"
"alongamento flexores da anca - flexores da anca - proposta 002","elasticidade","alongamento flexores da anca","Elasticidade > Pós-treino","flexores da anca","strap","ginásio","melhora opções de pós-treino","regressão","P0","baixo","essencial","nao","v0.9.9B"
"alongamento peitoral - peitoral - proposta 003","elasticidade","alongamento peitoral","Elasticidade > Recuperação","peitoral","wall","dojo","cria regressões para iniciantes","pós-treino","P0","baixo","essencial","nao","v0.9.9B"
"alongamento gémeos - gémeos - proposta 004","elasticidade","alongamento gémeos","Elasticidade > Casa","gémeos","bench","casa","fecha lacunas por zona corporal","zona corporal","P0","baixo","essencial","nao","v0.9.9B"
"alongamento adutores - adutores - proposta 005","elasticidade","alongamento adutores","Elasticidade > Pós-treino","adutores","mat","ginásio","melhora opções de pós-treino","regressão","P0","baixo","essencial","nao","v0.9.9B"
"alongamento ombro - ombro - proposta 006","elasticidade","alongamento ombro","Elasticidade > Recuperação","ombro","nenhum","dojo","cria regressões para iniciantes","pós-treino","P0","baixo","essencial","nao","v0.9.9B"
"alongamento cadeia posterior - isquiotibiais - proposta 007","elasticidade","alongamento cadeia posterior","Elasticidade > Casa","isquiotibiais","strap","casa","fecha lacunas por zona corporal","zona corporal","P0","baixo","essencial","nao","v0.9.9B"
"alongamento flexores da anca - flexores da anca - proposta 008","elasticidade","alongamento flexores da anca","Elasticidade > Pós-treino","flexores da anca","wall","ginásio","melhora opções de pós-treino","regressão","P0","baixo","essencial","nao","v0.9.9B"
"alongamento peitoral - peitoral - proposta 009","elasticidade","alongamento peitoral","Elasticidade > Recuperação","peitoral","bench","dojo","cria regressões para iniciantes","pós-treino","P0","baixo","essencial","nao","v0.9.9B"
"alongamento gémeos - gémeos - proposta 010","elasticidade","alongamento gémeos","Elasticidade > Casa","gémeos","mat","casa","fecha lacunas por zona corporal","zona corporal","P1","baixo","essencial","nao","v0.9.9B"
"alongamento adutores - adutores - proposta 011","elasticidade","alongamento adutores","Elasticidade > Pós-treino","adutores","nenhum","ginásio","melhora opções de pós-treino","regressão","P1","baixo","essencial","nao","v0.9.9B"
"alongamento ombro - ombro - proposta 012","elasticidade","alongamento ombro","Elasticidade > Recuperação","ombro","strap","dojo","cria regressões para iniciantes","pós-treino","P1","baixo","essencial","nao","v0.9.9B"
"alongamento cadeia posterior - isquiotibiais - proposta 013","elasticidade","alongamento cadeia posterior","Elasticidade > Casa","isquiotibiais","wall","casa","fecha lacunas por zona corporal","zona corporal","P1","baixo","essencial","nao","v0.9.9B"
"alongamento flexores da anca - flexores da anca - proposta 014","elasticidade","alongamento flexores da anca","Elasticidade > Pós-treino","flexores da anca","bench","ginásio","melhora opções de pós-treino","regressão","P1","baixo","essencial","nao","v0.9.9B"
"alongamento peitoral - peitoral - proposta 015","elasticidade","alongamento peitoral","Elasticidade > Recuperação","peitoral","mat","dojo","cria regressões para iniciantes","pós-treino","P1","baixo","essencial","nao","v0.9.9B"
"alongamento gémeos - gémeos - proposta 016","elasticidade","alongamento gémeos","Elasticidade > Casa","gémeos","nenhum","casa","fecha lacunas por zona corporal","zona corporal","P1","baixo","essencial","nao","v0.9.9B"
"alongamento adutores - adutores - proposta 017","elasticidade","alongamento adutores","Elasticidade > Pós-treino","adutores","strap","ginásio","melhora opções de pós-treino","regressão","P1","baixo","essencial","nao","v0.9.9B"
"alongamento ombro - ombro - proposta 018","elasticidade","alongamento ombro","Elasticidade > Recuperação","ombro","wall","dojo","cria regressões para iniciantes","pós-treino","P1","baixo","essencial","nao","v0.9.9B"
"alongamento cadeia posterior - isquiotibiais - proposta 019","elasticidade","alongamento cadeia posterior","Elasticidade > Casa","isquiotibiais","bench","casa","fecha lacunas por zona corporal","zona corporal","P1","baixo","essencial","nao","v0.9.9B"
"alongamento flexores da anca - flexores da anca - proposta 020","elasticidade","alongamento flexores da anca","Elasticidade > Pós-treino","flexores da anca","mat","ginásio","melhora opções de pós-treino","regressão","P1","baixo","essencial","nao","v0.9.9B"
"alongamento peitoral - peitoral - proposta 021","elasticidade","alongamento peitoral","Elasticidade > Recuperação","peitoral","nenhum","dojo","cria regressões para iniciantes","pós-treino","P2","baixo","expansao_futura","nao","v1.0_backlog"
"alongamento gémeos - gémeos - proposta 022","elasticidade","alongamento gémeos","Elasticidade > Casa","gémeos","strap","casa","fecha lacunas por zona corporal","zona corporal","P2","baixo","expansao_futura","nao","v1.0_backlog"
"alongamento adutores - adutores - proposta 023","elasticidade","alongamento adutores","Elasticidade > Pós-treino","adutores","wall","ginásio","melhora opções de pós-treino","regressão","P2","baixo","expansao_futura","nao","v1.0_backlog"
"alongamento ombro - ombro - proposta 024","elasticidade","alongamento ombro","Elasticidade > Recuperação","ombro","bench","dojo","cria regressões para iniciantes","pós-treino","P2","baixo","expansao_futura","nao","v1.0_backlog"
"alongamento cadeia posterior - isquiotibiais - proposta 025","elasticidade","alongamento cadeia posterior","Elasticidade > Casa","isquiotibiais","mat","casa","fecha lacunas por zona corporal","zona corporal","P2","baixo","expansao_futura","nao","v1.0_backlog"
"alongamento flexores da anca - flexores da anca - proposta 026","elasticidade","alongamento flexores da anca","Elasticidade > Pós-treino","flexores da anca","nenhum","ginásio","melhora opções de pós-treino","regressão","P2","baixo","expansao_futura","nao","v1.0_backlog"
"alongamento peitoral - peitoral - proposta 027","elasticidade","alongamento peitoral","Elasticidade > Recuperação","peitoral","strap","dojo","cria regressões para iniciantes","pós-treino","P2","baixo","expansao_futura","nao","v1.0_backlog"
"alongamento gémeos - gémeos - proposta 028","elasticidade","alongamento gémeos","Elasticidade > Casa","gémeos","wall","casa","fecha lacunas por zona corporal","zona corporal","P2","baixo","expansao_futura","nao","v1.0_backlog"
"respiração recuperação - respiração/diafragma - proposta 001","recuperacao","respiração recuperação","Recuperação > Casa","respiração/diafragma","nenhum","casa","melhora recuperação orientada por região","recuperação regional","P0","baixo","essencial","nao","v0.9.9B"
"libertação miofascial - lombar - proposta 002","recuperacao","libertação miofascial","Recuperação > Pós-treino","lombar","foam_roller","ginásio","substitui avisos genéricos por escolhas úteis","baixo impacto","P0","baixo","essencial","nao","v0.9.9B"
"descarga lombar - quadríceps - proposta 003","recuperacao","descarga lombar","Recuperação > Baixa intensidade","quadríceps","ball","casa","apoia iniciantes após treino","pós-treino","P0","baixo","essencial","nao","v0.9.9B"
"recuperação pernas - gémeos - proposta 004","recuperacao","recuperação pernas","Recuperação > Casa","gémeos","mat","ginásio","melhora recuperação orientada por região","recuperação regional","P0","baixo","essencial","nao","v0.9.9B"
"recuperação ombros - ombros - proposta 005","recuperacao","recuperação ombros","Recuperação > Pós-treino","ombros","nenhum","casa","substitui avisos genéricos por escolhas úteis","baixo impacto","P0","baixo","essencial","nao","v0.9.9B"
"respiração recuperação - respiração/diafragma - proposta 006","recuperacao","respiração recuperação","Recuperação > Baixa intensidade","respiração/diafragma","foam_roller","ginásio","apoia iniciantes após treino","pós-treino","P0","baixo","essencial","nao","v0.9.9B"
"libertação miofascial - lombar - proposta 007","recuperacao","libertação miofascial","Recuperação > Casa","lombar","ball","casa","melhora recuperação orientada por região","recuperação regional","P0","baixo","essencial","nao","v0.9.9B"
"descarga lombar - quadríceps - proposta 008","recuperacao","descarga lombar","Recuperação > Pós-treino","quadríceps","mat","ginásio","substitui avisos genéricos por escolhas úteis","baixo impacto","P1","baixo","essencial","nao","v0.9.9B"
"recuperação pernas - gémeos - proposta 009","recuperacao","recuperação pernas","Recuperação > Baixa intensidade","gémeos","nenhum","casa","apoia iniciantes após treino","pós-treino","P1","baixo","essencial","nao","v0.9.9B"
"recuperação ombros - ombros - proposta 010","recuperacao","recuperação ombros","Recuperação > Casa","ombros","foam_roller","ginásio","melhora recuperação orientada por região","recuperação regional","P1","baixo","essencial","nao","v0.9.9B"
"respiração recuperação - respiração/diafragma - proposta 011","recuperacao","respiração recuperação","Recuperação > Pós-treino","respiração/diafragma","ball","casa","substitui avisos genéricos por escolhas úteis","baixo impacto","P1","baixo","essencial","nao","v0.9.9B"
"libertação miofascial - lombar - proposta 012","recuperacao","libertação miofascial","Recuperação > Baixa intensidade","lombar","mat","ginásio","apoia iniciantes após treino","pós-treino","P1","baixo","essencial","nao","v0.9.9B"
"descarga lombar - quadríceps - proposta 013","recuperacao","descarga lombar","Recuperação > Casa","quadríceps","nenhum","casa","melhora recuperação orientada por região","recuperação regional","P1","baixo","essencial","nao","v0.9.9B"
"recuperação pernas - gémeos - proposta 014","recuperacao","recuperação pernas","Recuperação > Pós-treino","gémeos","foam_roller","ginásio","substitui avisos genéricos por escolhas úteis","baixo impacto","P1","baixo","essencial","nao","v0.9.9B"
"recuperação ombros - ombros - proposta 015","recuperacao","recuperação ombros","Recuperação > Baixa intensidade","ombros","ball","casa","apoia iniciantes após treino","pós-treino","P2","baixo","expansao_futura","nao","v1.0_backlog"
"respiração recuperação - respiração/diafragma - proposta 016","recuperacao","respiração recuperação","Recuperação > Casa","respiração/diafragma","mat","ginásio","melhora recuperação orientada por região","recuperação regional","P2","baixo","expansao_futura","nao","v1.0_backlog"
"libertação miofascial - lombar - proposta 017","recuperacao","libertação miofascial","Recuperação > Pós-treino","lombar","nenhum","casa","substitui avisos genéricos por escolhas úteis","baixo impacto","P2","baixo","expansao_futura","nao","v1.0_backlog"
"descarga lombar - quadríceps - proposta 018","recuperacao","descarga lombar","Recuperação > Baixa intensidade","quadríceps","foam_roller","ginásio","apoia iniciantes após treino","pós-treino","P2","baixo","expansao_futura","nao","v1.0_backlog"
"aquecimento geral - corpo inteiro - proposta 001","aquecimento","aquecimento geral","Aquecimento > Geral","corpo inteiro","nenhum","casa","completa lacunas finais de preparação","preparação","P0","baixo","essencial","nao","v0.9.9B"
"aquecimento ombro - ombro - proposta 002","aquecimento","aquecimento ombro","Aquecimento > Musculação","ombro","mini_band","ginásio","liga aquecimento ao treino escolhido","contexto","P0","baixo","essencial","nao","v0.9.9B"
"aquecimento anca - anca - proposta 003","aquecimento","aquecimento anca","Aquecimento > Artes marciais","anca","stick","dojo","reduz entrada a frio em treino técnico","segurança","P0","baixo","essencial","nao","v0.9.9B"
"aquecimento joelho - joelho - proposta 004","aquecimento","aquecimento joelho","Aquecimento > Geral","joelho","nenhum","casa","completa lacunas finais de preparação","preparação","P0","baixo","essencial","nao","v0.9.9B"
"aquecimento marcial - deslocamento - proposta 005","aquecimento","aquecimento marcial","Aquecimento > Musculação","deslocamento","mini_band","ginásio","liga aquecimento ao treino escolhido","contexto","P0","baixo","essencial","nao","v0.9.9B"
"aquecimento geral - corpo inteiro - proposta 006","aquecimento","aquecimento geral","Aquecimento > Artes marciais","corpo inteiro","stick","dojo","reduz entrada a frio em treino técnico","segurança","P1","baixo","essencial","nao","v0.9.9B"
"aquecimento ombro - ombro - proposta 007","aquecimento","aquecimento ombro","Aquecimento > Geral","ombro","nenhum","casa","completa lacunas finais de preparação","preparação","P1","baixo","essencial","nao","v0.9.9B"
"aquecimento anca - anca - proposta 008","aquecimento","aquecimento anca","Aquecimento > Musculação","anca","mini_band","ginásio","liga aquecimento ao treino escolhido","contexto","P1","baixo","essencial","nao","v0.9.9B"
"aquecimento joelho - joelho - proposta 009","aquecimento","aquecimento joelho","Aquecimento > Artes marciais","joelho","stick","dojo","reduz entrada a frio em treino técnico","segurança","P1","baixo","essencial","nao","v0.9.9B"
"ativação glúteos - glúteos/anca - proposta 001","ativacao","ativação glúteos","Ativação > Pré-treino","glúteos/anca","nenhum","casa","categoria está abaixo da meta mínima","pré-ativação","P0","baixo","essencial","sim","apos_aprovacao_humana"
"ativação core - core/coluna - proposta 002","ativacao","ativação core","Ativação > Casa","core/coluna","mini_band","ginásio","melhora segurança antes de força e artes marciais","articulação","P0","baixo","essencial","sim","apos_aprovacao_humana"
"ativação escápulas - escápulas/ombro - proposta 003","ativacao","ativação escápulas","Ativação > Reabilitação leve","escápulas/ombro","wall","dojo","cobre articulações pequenas com opções leves","prevenção secundária","P0","baixo","essencial","sim","apos_aprovacao_humana"
"ativação adutores - adutores - proposta 004","ativacao","ativação adutores","Ativação > Pré-treino","adutores","ball","casa","categoria está abaixo da meta mínima","pré-ativação","P0","baixo","essencial","sim","apos_aprovacao_humana"
"ativação anca - tornozelo - proposta 005","ativacao","ativação anca","Ativação > Casa","tornozelo","towel","ginásio","melhora segurança antes de força e artes marciais","articulação","P0","baixo","essencial","nao","v0.9.9B"
"ativação tornozelo - punho - proposta 006","ativacao","ativação tornozelo","Ativação > Reabilitação leve","punho","nenhum","dojo","cobre articulações pequenas com opções leves","prevenção secundária","P0","baixo","essencial","nao","v0.9.9B"
"ativação punho - pescoço - proposta 007","ativacao","ativação punho","Ativação > Pré-treino","pescoço","mini_band","casa","categoria está abaixo da meta mínima","pré-ativação","P0","baixo","essencial","nao","v0.9.9B"
"ativação pescoço - glúteos/anca - proposta 008","ativacao","ativação pescoço","Ativação > Casa","glúteos/anca","wall","ginásio","melhora segurança antes de força e artes marciais","articulação","P0","baixo","essencial","nao","v0.9.9B"
"ativação glúteos - core/coluna - proposta 009","ativacao","ativação glúteos","Ativação > Reabilitação leve","core/coluna","ball","dojo","cobre articulações pequenas com opções leves","prevenção secundária","P0","baixo","essencial","nao","v0.9.9B"
"ativação core - escápulas/ombro - proposta 010","ativacao","ativação core","Ativação > Pré-treino","escápulas/ombro","towel","casa","categoria está abaixo da meta mínima","pré-ativação","P0","baixo","essencial","nao","v0.9.9B"
"ativação escápulas - adutores - proposta 011","ativacao","ativação escápulas","Ativação > Casa","adutores","nenhum","ginásio","melhora segurança antes de força e artes marciais","articulação","P0","baixo","essencial","nao","v0.9.9B"
"ativação adutores - tornozelo - proposta 012","ativacao","ativação adutores","Ativação > Reabilitação leve","tornozelo","mini_band","dojo","cobre articulações pequenas com opções leves","prevenção secundária","P0","baixo","essencial","nao","v0.9.9B"
"ativação anca - punho - proposta 013","ativacao","ativação anca","Ativação > Pré-treino","punho","wall","casa","categoria está abaixo da meta mínima","pré-ativação","P0","baixo","essencial","nao","v0.9.9B"
"ativação tornozelo - pescoço - proposta 014","ativacao","ativação tornozelo","Ativação > Casa","pescoço","ball","ginásio","melhora segurança antes de força e artes marciais","articulação","P0","baixo","essencial","nao","v0.9.9B"
"ativação punho - glúteos/anca - proposta 015","ativacao","ativação punho","Ativação > Reabilitação leve","glúteos/anca","towel","dojo","cobre articulações pequenas com opções leves","prevenção secundária","P0","baixo","essencial","nao","v0.9.9B"
"ativação pescoço - core/coluna - proposta 016","ativacao","ativação pescoço","Ativação > Pré-treino","core/coluna","nenhum","casa","categoria está abaixo da meta mínima","pré-ativação","P0","baixo","essencial","nao","v0.9.9B"
"ativação glúteos - escápulas/ombro - proposta 017","ativacao","ativação glúteos","Ativação > Casa","escápulas/ombro","mini_band","ginásio","melhora segurança antes de força e artes marciais","articulação","P1","baixo","essencial","nao","v0.9.9B"
"ativação core - adutores - proposta 018","ativacao","ativação core","Ativação > Reabilitação leve","adutores","wall","dojo","cobre articulações pequenas com opções leves","prevenção secundária","P1","baixo","essencial","nao","v0.9.9B"
"ativação escápulas - tornozelo - proposta 019","ativacao","ativação escápulas","Ativação > Pré-treino","tornozelo","ball","casa","categoria está abaixo da meta mínima","pré-ativação","P1","baixo","essencial","nao","v0.9.9B"
"ativação adutores - punho - proposta 020","ativacao","ativação adutores","Ativação > Casa","punho","towel","ginásio","melhora segurança antes de força e artes marciais","articulação","P1","baixo","essencial","nao","v0.9.9B"
"ativação anca - pescoço - proposta 021","ativacao","ativação anca","Ativação > Reabilitação leve","pescoço","nenhum","dojo","cobre articulações pequenas com opções leves","prevenção secundária","P1","baixo","essencial","nao","v0.9.9B"
"ativação tornozelo - glúteos/anca - proposta 022","ativacao","ativação tornozelo","Ativação > Pré-treino","glúteos/anca","mini_band","casa","categoria está abaixo da meta mínima","pré-ativação","P1","baixo","essencial","nao","v0.9.9B"
"ativação punho - core/coluna - proposta 023","ativacao","ativação punho","Ativação > Casa","core/coluna","wall","ginásio","melhora segurança antes de força e artes marciais","articulação","P1","baixo","essencial","nao","v0.9.9B"
"ativação pescoço - escápulas/ombro - proposta 024","ativacao","ativação pescoço","Ativação > Reabilitação leve","escápulas/ombro","ball","dojo","cobre articulações pequenas com opções leves","prevenção secundária","P1","baixo","essencial","nao","v0.9.9B"
"ativação glúteos - adutores - proposta 025","ativacao","ativação glúteos","Ativação > Pré-treino","adutores","towel","casa","categoria está abaixo da meta mínima","pré-ativação","P1","baixo","essencial","nao","v0.9.9B"
"ativação core - tornozelo - proposta 026","ativacao","ativação core","Ativação > Casa","tornozelo","nenhum","ginásio","melhora segurança antes de força e artes marciais","articulação","P1","baixo","essencial","nao","v0.9.9B"
"ativação escápulas - punho - proposta 027","ativacao","ativação escápulas","Ativação > Reabilitação leve","punho","mini_band","dojo","cobre articulações pequenas com opções leves","prevenção secundária","P1","baixo","essencial","nao","v0.9.9B"
"ativação adutores - pescoço - proposta 028","ativacao","ativação adutores","Ativação > Pré-treino","pescoço","wall","casa","categoria está abaixo da meta mínima","pré-ativação","P1","baixo","essencial","nao","v0.9.9B"
"ativação anca - glúteos/anca - proposta 029","ativacao","ativação anca","Ativação > Casa","glúteos/anca","ball","ginásio","melhora segurança antes de força e artes marciais","articulação","P1","baixo","essencial","nao","v0.9.9B"
"ativação tornozelo - core/coluna - proposta 030","ativacao","ativação tornozelo","Ativação > Reabilitação leve","core/coluna","towel","dojo","cobre articulações pequenas com opções leves","prevenção secundária","P1","baixo","essencial","nao","v0.9.9B"
"ativação punho - escápulas/ombro - proposta 031","ativacao","ativação punho","Ativação > Pré-treino","escápulas/ombro","nenhum","casa","categoria está abaixo da meta mínima","pré-ativação","P1","baixo","essencial","nao","v0.9.9B"
"ativação pescoço - adutores - proposta 032","ativacao","ativação pescoço","Ativação > Casa","adutores","mini_band","ginásio","melhora segurança antes de força e artes marciais","articulação","P1","baixo","essencial","nao","v0.9.9B"
"ativação glúteos - tornozelo - proposta 033","ativacao","ativação glúteos","Ativação > Reabilitação leve","tornozelo","wall","dojo","cobre articulações pequenas com opções leves","prevenção secundária","P1","baixo","essencial","nao","v0.9.9B"
"ativação core - punho - proposta 034","ativacao","ativação core","Ativação > Pré-treino","punho","ball","casa","categoria está abaixo da meta mínima","pré-ativação","P1","baixo","essencial","nao","v0.9.9B"
"ativação escápulas - pescoço - proposta 035","ativacao","ativação escápulas","Ativação > Casa","pescoço","towel","ginásio","melhora segurança antes de força e artes marciais","articulação","P1","baixo","essencial","nao","v0.9.9B"
"ativação adutores - glúteos/anca - proposta 036","ativacao","ativação adutores","Ativação > Reabilitação leve","glúteos/anca","nenhum","dojo","cobre articulações pequenas com opções leves","prevenção secundária","P2","baixo","expansao_futura","nao","v1.0_backlog"
"ativação anca - core/coluna - proposta 037","ativacao","ativação anca","Ativação > Pré-treino","core/coluna","mini_band","casa","categoria está abaixo da meta mínima","pré-ativação","P2","baixo","expansao_futura","nao","v1.0_backlog"
"ativação tornozelo - escápulas/ombro - proposta 038","ativacao","ativação tornozelo","Ativação > Casa","escápulas/ombro","wall","ginásio","melhora segurança antes de força e artes marciais","articulação","P2","baixo","expansao_futura","nao","v1.0_backlog"
"prevenção joelho - joelho - proposta 001","prevencao","prevenção joelho","Prevenção > Casa","joelho","nenhum","casa","categoria mais abaixo da meta relativa","articulação crítica","P0","baixo","essencial","sim","apos_aprovacao_humana"
"prevenção ombro - ombro - proposta 002","prevencao","prevenção ombro","Prevenção > Ginásio","ombro","mini_band","ginásio","reduz buracos em articulações visíveis","segurança","P0","baixo","essencial","sim","apos_aprovacao_humana"
"prevenção lombar - lombar - proposta 003","prevencao","prevenção lombar","Prevenção > Pré-habilitação","lombar","wall","casa","cria alternativas leves e seguras","pré-habilitação","P0","baixo","essencial","sim","apos_aprovacao_humana"
"prevenção tornozelo - tornozelo - proposta 004","prevencao","prevenção tornozelo","Prevenção > Casa","tornozelo","towel","ginásio","categoria mais abaixo da meta relativa","articulação crítica","P0","baixo","essencial","sim","apos_aprovacao_humana"
"prevenção punho - punho - proposta 005","prevencao","prevenção punho","Prevenção > Ginásio","punho","light_dumbbell","casa","reduz buracos em articulações visíveis","segurança","P0","baixo","essencial","sim","apos_aprovacao_humana"
"prevenção pescoço - pescoço - proposta 006","prevencao","prevenção pescoço","Prevenção > Pré-habilitação","pescoço","nenhum","ginásio","cria alternativas leves e seguras","pré-habilitação","P0","baixo","essencial","sim","apos_aprovacao_humana"
"prevenção anca - anca - proposta 007","prevencao","prevenção anca","Prevenção > Casa","anca","mini_band","casa","categoria mais abaixo da meta relativa","articulação crítica","P0","baixo","essencial","sim","apos_aprovacao_humana"
"prevenção cotovelo - cotovelo - proposta 008","prevencao","prevenção cotovelo","Prevenção > Ginásio","cotovelo","wall","ginásio","reduz buracos em articulações visíveis","segurança","P0","baixo","essencial","sim","apos_aprovacao_humana"
"prevenção joelho - joelho - proposta 009","prevencao","prevenção joelho","Prevenção > Pré-habilitação","joelho","towel","casa","cria alternativas leves e seguras","pré-habilitação","P0","baixo","essencial","nao","v0.9.9B"
"prevenção ombro - ombro - proposta 010","prevencao","prevenção ombro","Prevenção > Casa","ombro","light_dumbbell","ginásio","categoria mais abaixo da meta relativa","articulação crítica","P0","baixo","essencial","nao","v0.9.9B"
"prevenção lombar - lombar - proposta 011","prevencao","prevenção lombar","Prevenção > Ginásio","lombar","nenhum","casa","reduz buracos em articulações visíveis","segurança","P0","baixo","essencial","nao","v0.9.9B"
"prevenção tornozelo - tornozelo - proposta 012","prevencao","prevenção tornozelo","Prevenção > Pré-habilitação","tornozelo","mini_band","ginásio","cria alternativas leves e seguras","pré-habilitação","P0","baixo","essencial","nao","v0.9.9B"
"prevenção punho - punho - proposta 013","prevencao","prevenção punho","Prevenção > Casa","punho","wall","casa","categoria mais abaixo da meta relativa","articulação crítica","P0","baixo","essencial","nao","v0.9.9B"
"prevenção pescoço - pescoço - proposta 014","prevencao","prevenção pescoço","Prevenção > Ginásio","pescoço","towel","ginásio","reduz buracos em articulações visíveis","segurança","P0","baixo","essencial","nao","v0.9.9B"
"prevenção anca - anca - proposta 015","prevencao","prevenção anca","Prevenção > Pré-habilitação","anca","light_dumbbell","casa","cria alternativas leves e seguras","pré-habilitação","P0","baixo","essencial","nao","v0.9.9B"
"prevenção cotovelo - cotovelo - proposta 016","prevencao","prevenção cotovelo","Prevenção > Casa","cotovelo","nenhum","ginásio","categoria mais abaixo da meta relativa","articulação crítica","P1","baixo","essencial","nao","v0.9.9B"
"prevenção joelho - joelho - proposta 017","prevencao","prevenção joelho","Prevenção > Ginásio","joelho","mini_band","casa","reduz buracos em articulações visíveis","segurança","P1","baixo","essencial","nao","v0.9.9B"
"prevenção ombro - ombro - proposta 018","prevencao","prevenção ombro","Prevenção > Pré-habilitação","ombro","wall","ginásio","cria alternativas leves e seguras","pré-habilitação","P1","baixo","essencial","nao","v0.9.9B"
"prevenção lombar - lombar - proposta 019","prevencao","prevenção lombar","Prevenção > Casa","lombar","towel","casa","categoria mais abaixo da meta relativa","articulação crítica","P1","baixo","essencial","nao","v0.9.9B"
"prevenção tornozelo - tornozelo - proposta 020","prevencao","prevenção tornozelo","Prevenção > Ginásio","tornozelo","light_dumbbell","ginásio","reduz buracos em articulações visíveis","segurança","P1","baixo","essencial","nao","v0.9.9B"
"prevenção punho - punho - proposta 021","prevencao","prevenção punho","Prevenção > Pré-habilitação","punho","nenhum","casa","cria alternativas leves e seguras","pré-habilitação","P1","baixo","essencial","nao","v0.9.9B"
"prevenção pescoço - pescoço - proposta 022","prevencao","prevenção pescoço","Prevenção > Casa","pescoço","mini_band","ginásio","categoria mais abaixo da meta relativa","articulação crítica","P1","baixo","essencial","nao","v0.9.9B"
"prevenção anca - anca - proposta 023","prevencao","prevenção anca","Prevenção > Ginásio","anca","wall","casa","reduz buracos em articulações visíveis","segurança","P1","baixo","essencial","nao","v0.9.9B"
"prevenção cotovelo - cotovelo - proposta 024","prevencao","prevenção cotovelo","Prevenção > Pré-habilitação","cotovelo","towel","ginásio","cria alternativas leves e seguras","pré-habilitação","P1","baixo","essencial","nao","v0.9.9B"
"prevenção joelho - joelho - proposta 025","prevencao","prevenção joelho","Prevenção > Casa","joelho","light_dumbbell","casa","categoria mais abaixo da meta relativa","articulação crítica","P1","baixo","essencial","nao","v0.9.9B"
"prevenção ombro - ombro - proposta 026","prevencao","prevenção ombro","Prevenção > Ginásio","ombro","nenhum","ginásio","reduz buracos em articulações visíveis","segurança","P1","baixo","essencial","nao","v0.9.9B"
"prevenção lombar - lombar - proposta 027","prevencao","prevenção lombar","Prevenção > Pré-habilitação","lombar","mini_band","casa","cria alternativas leves e seguras","pré-habilitação","P1","baixo","essencial","nao","v0.9.9B"
"prevenção tornozelo - tornozelo - proposta 028","prevencao","prevenção tornozelo","Prevenção > Casa","tornozelo","wall","ginásio","categoria mais abaixo da meta relativa","articulação crítica","P1","baixo","essencial","nao","v0.9.9B"
"prevenção punho - punho - proposta 029","prevencao","prevenção punho","Prevenção > Ginásio","punho","towel","casa","reduz buracos em articulações visíveis","segurança","P1","baixo","essencial","nao","v0.9.9B"
"prevenção pescoço - pescoço - proposta 030","prevencao","prevenção pescoço","Prevenção > Pré-habilitação","pescoço","light_dumbbell","ginásio","cria alternativas leves e seguras","pré-habilitação","P1","baixo","essencial","nao","v0.9.9B"
"prevenção anca - anca - proposta 031","prevencao","prevenção anca","Prevenção > Casa","anca","nenhum","casa","categoria mais abaixo da meta relativa","articulação crítica","P1","baixo","essencial","nao","v0.9.9B"
"prevenção cotovelo - cotovelo - proposta 032","prevencao","prevenção cotovelo","Prevenção > Ginásio","cotovelo","mini_band","ginásio","reduz buracos em articulações visíveis","segurança","P1","baixo","essencial","nao","v0.9.9B"
"prevenção joelho - joelho - proposta 033","prevencao","prevenção joelho","Prevenção > Pré-habilitação","joelho","wall","casa","cria alternativas leves e seguras","pré-habilitação","P2","baixo","expansao_futura","nao","v1.0_backlog"
"prevenção ombro - ombro - proposta 034","prevencao","prevenção ombro","Prevenção > Casa","ombro","towel","ginásio","categoria mais abaixo da meta relativa","articulação crítica","P2","baixo","expansao_futura","nao","v1.0_backlog"
"prevenção lombar - lombar - proposta 035","prevencao","prevenção lombar","Prevenção > Ginásio","lombar","light_dumbbell","casa","reduz buracos em articulações visíveis","segurança","P2","baixo","expansao_futura","nao","v1.0_backlog"
"prevenção tornozelo - tornozelo - proposta 036","prevencao","prevenção tornozelo","Prevenção > Pré-habilitação","tornozelo","nenhum","ginásio","cria alternativas leves e seguras","pré-habilitação","P2","baixo","expansao_futura","nao","v1.0_backlog"
