"id","type_key","before_status","after_status","before_issue","before_result_count","after_result_count","cause","applied_fix"
"cardio>place_home_no_equipment>bodyweight>no_equipment","cardio","failWrongResults","okWithResults","Resultado fora do tipo esperado: Mountain climbers","12","12","falso positivo + foco/equipamento misturado","HIIT normalizado como foco; tipos secundarios/cardio tags aceites como cardio legitimo; result_count corrigido."
"cardio>place_home_no_equipment>bodyweight>hiit","cardio","failWrongResults","okWithResults","Resultado fora do tipo esperado: Mountain climbers","12","12","falso positivo + foco/equipamento misturado","HIIT normalizado como foco; tipos secundarios/cardio tags aceites como cardio legitimo; result_count corrigido."
"cardio>place_home_no_equipment>hiit>no_equipment","cardio","failWrongResults","path_removed_or_merged","Resultado fora do tipo esperado: Mountain climbers","12","0","falso positivo + foco/equipamento misturado","HIIT normalizado como foco; tipos secundarios/cardio tags aceites como cardio legitimo; result_count corrigido."
"cardio>place_home_no_equipment>hiit>hiit","cardio","failWrongResults","path_removed_or_merged","Resultado fora do tipo esperado: Mountain climbers","12","0","falso positivo + foco/equipamento misturado","HIIT normalizado como foco; tipos secundarios/cardio tags aceites como cardio legitimo; result_count corrigido."
"cardio>place_home_equipped>bodyweight>no_equipment","cardio","failWrongResults","okWithResults","Resultado fora do tipo esperado: Mountain climbers","12","12","falso positivo + foco/equipamento misturado","HIIT normalizado como foco; tipos secundarios/cardio tags aceites como cardio legitimo; result_count corrigido."
"cardio>place_home_equipped>bodyweight>hiit","cardio","failWrongResults","okWithResults","Resultado fora do tipo esperado: Mountain climbers","12","12","falso positivo + foco/equipamento misturado","HIIT normalizado como foco; tipos secundarios/cardio tags aceites como cardio legitimo; result_count corrigido."
"cardio>place_home_equipped>hiit>no_equipment","cardio","failWrongResults","path_removed_or_merged","Resultado fora do tipo esperado: Mountain climbers","12","0","falso positivo + foco/equipamento misturado","HIIT normalizado como foco; tipos secundarios/cardio tags aceites como cardio legitimo; result_count corrigido."
"cardio>place_home_equipped>hiit>hiit","cardio","failWrongResults","path_removed_or_merged","Resultado fora do tipo esperado: Mountain climbers","12","0","falso positivo + foco/equipamento misturado","HIIT normalizado como foco; tipos secundarios/cardio tags aceites como cardio legitimo; result_count corrigido."
"cardio>place_gym>bodyweight>no_equipment","cardio","failWrongResults","okWithResults","Resultado fora do tipo esperado: Mountain climbers","13","13","falso positivo + foco/equipamento misturado","HIIT normalizado como foco; tipos secundarios/cardio tags aceites como cardio legitimo; result_count corrigido."
"cardio>place_gym>bodyweight>hiit","cardio","failWrongResults","okWithResults","Resultado fora do tipo esperado: Mountain climbers","13","13","falso positivo + foco/equipamento misturado","HIIT normalizado como foco; tipos secundarios/cardio tags aceites como cardio legitimo; result_count corrigido."
"cardio>place_gym>hiit>no_equipment","cardio","failWrongResults","path_removed_or_merged","Resultado fora do tipo esperado: Mountain climbers","13","0","falso positivo + foco/equipamento misturado","HIIT normalizado como foco; tipos secundarios/cardio tags aceites como cardio legitimo; result_count corrigido."
"cardio>place_gym>hiit>hiit","cardio","failWrongResults","path_removed_or_merged","Resultado fora do tipo esperado: Mountain climbers","13","0","falso positivo + foco/equipamento misturado","HIIT normalizado como foco; tipos secundarios/cardio tags aceites como cardio legitimo; result_count corrigido."
"cardio>place_dojo>bodyweight>no_equipment","cardio","failWrongResults","okWithResults","Resultado fora do tipo esperado: Mountain climbers","12","12","falso positivo + foco/equipamento misturado","HIIT normalizado como foco; tipos secundarios/cardio tags aceites como cardio legitimo; result_count corrigido."
"cardio>place_dojo>bodyweight>hiit","cardio","failWrongResults","okWithResults","Resultado fora do tipo esperado: Mountain climbers","12","12","falso positivo + foco/equipamento misturado","HIIT normalizado como foco; tipos secundarios/cardio tags aceites como cardio legitimo; result_count corrigido."
"cardio>place_dojo>hiit>no_equipment","cardio","failWrongResults","path_removed_or_merged","Resultado fora do tipo esperado: Mountain climbers","12","0","falso positivo + foco/equipamento misturado","HIIT normalizado como foco; tipos secundarios/cardio tags aceites como cardio legitimo; result_count corrigido."
"cardio>place_dojo>hiit>hiit","cardio","failWrongResults","path_removed_or_merged","Resultado fora do tipo esperado: Mountain climbers","12","0","falso positivo + foco/equipamento misturado","HIIT normalizado como foco; tipos secundarios/cardio tags aceites como cardio legitimo; result_count corrigido."
"cardio>place_tatami>bodyweight>no_equipment","cardio","failWrongResults","okWithResults","Resultado fora do tipo esperado: Mountain climbers","12","12","falso positivo + foco/equipamento misturado","HIIT normalizado como foco; tipos secundarios/cardio tags aceites como cardio legitimo; result_count corrigido."
"cardio>place_tatami>bodyweight>hiit","cardio","failWrongResults","okWithResults","Resultado fora do tipo esperado: Mountain climbers","12","12","falso positivo + foco/equipamento misturado","HIIT normalizado como foco; tipos secundarios/cardio tags aceites como cardio legitimo; result_count corrigido."
"cardio>place_tatami>hiit>no_equipment","cardio","failWrongResults","path_removed_or_merged","Resultado fora do tipo esperado: Mountain climbers","12","0","falso positivo + foco/equipamento misturado","HIIT normalizado como foco; tipos secundarios/cardio tags aceites como cardio legitimo; result_count corrigido."
"cardio>place_tatami>hiit>hiit","cardio","failWrongResults","path_removed_or_merged","Resultado fora do tipo esperado: Mountain climbers","12","0","falso positivo + foco/equipamento misturado","HIIT normalizado como foco; tipos secundarios/cardio tags aceites como cardio legitimo; result_count corrigido."
"cardio>place_outdoor>bodyweight>no_equipment","cardio","failWrongResults","okWithResults","Resultado fora do tipo esperado: Mountain climbers","12","12","falso positivo + foco/equipamento misturado","HIIT normalizado como foco; tipos secundarios/cardio tags aceites como cardio legitimo; result_count corrigido."
"cardio>place_outdoor>bodyweight>hiit","cardio","failWrongResults","okWithResults","Resultado fora do tipo esperado: Mountain climbers","12","12","falso positivo + foco/equipamento misturado","HIIT normalizado como foco; tipos secundarios/cardio tags aceites como cardio legitimo; result_count corrigido."
"cardio>place_outdoor>hiit>no_equipment","cardio","failWrongResults","path_removed_or_merged","Resultado fora do tipo esperado: Mountain climbers","12","0","falso positivo + foco/equipamento misturado","HIIT normalizado como foco; tipos secundarios/cardio tags aceites como cardio legitimo; result_count corrigido."
"cardio>place_outdoor>hiit>hiit","cardio","failWrongResults","path_removed_or_merged","Resultado fora do tipo esperado: Mountain climbers","12","0","falso positivo + foco/equipamento misturado","HIIT normalizado como foco; tipos secundarios/cardio tags aceites como cardio legitimo; result_count corrigido."
"cardio>place_work_travel>bodyweight>no_equipment","cardio","failWrongResults","okWithResults","Resultado fora do tipo esperado: Mountain climbers","12","12","falso positivo + foco/equipamento misturado","HIIT normalizado como foco; tipos secundarios/cardio tags aceites como cardio legitimo; result_count corrigido."
"cardio>place_work_travel>bodyweight>hiit","cardio","failWrongResults","okWithResults","Resultado fora do tipo esperado: Mountain climbers","12","12","falso positivo + foco/equipamento misturado","HIIT normalizado como foco; tipos secundarios/cardio tags aceites como cardio legitimo; result_count corrigido."
"cardio>place_work_travel>hiit>no_equipment","cardio","failWrongResults","path_removed_or_merged","Resultado fora do tipo esperado: Mountain climbers","12","0","falso positivo + foco/equipamento misturado","HIIT normalizado como foco; tipos secundarios/cardio tags aceites como cardio legitimo; result_count corrigido."
"cardio>place_work_travel>hiit>hiit","cardio","failWrongResults","path_removed_or_merged","Resultado fora do tipo esperado: Mountain climbers","12","0","falso positivo + foco/equipamento misturado","HIIT normalizado como foco; tipos secundarios/cardio tags aceites como cardio legitimo; result_count corrigido."
"cardio>place_clinic>bodyweight>no_equipment","cardio","failWrongResults","okWithResults","Resultado fora do tipo esperado: Mountain climbers","12","12","falso positivo + foco/equipamento misturado","HIIT normalizado como foco; tipos secundarios/cardio tags aceites como cardio legitimo; result_count corrigido."
"cardio>place_clinic>bodyweight>hiit","cardio","failWrongResults","okWithResults","Resultado fora do tipo esperado: Mountain climbers","12","12","falso positivo + foco/equipamento misturado","HIIT normalizado como foco; tipos secundarios/cardio tags aceites como cardio legitimo; result_count corrigido."
"cardio>place_clinic>hiit>no_equipment","cardio","failWrongResults","path_removed_or_merged","Resultado fora do tipo esperado: Mountain climbers","12","0","falso positivo + foco/equipamento misturado","HIIT normalizado como foco; tipos secundarios/cardio tags aceites como cardio legitimo; result_count corrigido."
"cardio>place_clinic>hiit>hiit","cardio","failWrongResults","path_removed_or_merged","Resultado fora do tipo esperado: Mountain climbers","12","0","falso positivo + foco/equipamento misturado","HIIT normalizado como foco; tipos secundarios/cardio tags aceites como cardio legitimo; result_count corrigido."
"mobility>place_home_no_equipment>bodyweight>general_mobility>general_mobility","mobility","failWrongResults","okWithResults","Resultado fora do tipo esperado: Technical stand-up lento","117","116","rota geral aceitava contexto marcial","Mobilidade geral deixa de aceitar exercicios primariamente marciais."
"mobility>place_home_no_equipment>floor>general_mobility>general_mobility","mobility","failWrongResults","okWithResults","Resultado fora do tipo esperado: Technical stand-up lento","117","116","rota geral aceitava contexto marcial","Mobilidade geral deixa de aceitar exercicios primariamente marciais."
"mobility>place_home_no_equipment>wall>general_mobility>general_mobility","mobility","failWrongResults","okWithResults","Resultado fora do tipo esperado: Technical stand-up lento","117","116","rota geral aceitava contexto marcial","Mobilidade geral deixa de aceitar exercicios primariamente marciais."
"mobility>place_home_no_equipment>mat>general_mobility>general_mobility","mobility","failWrongResults","okWithResults","Resultado fora do tipo esperado: Technical stand-up lento","117","116","rota geral aceitava contexto marcial","Mobilidade geral deixa de aceitar exercicios primariamente marciais."
"mobility>place_home_equipped>bodyweight>general_mobility>general_mobility","mobility","failWrongResults","okWithResults","Resultado fora do tipo esperado: Technical stand-up lento","117","116","rota geral aceitava contexto marcial","Mobilidade geral deixa de aceitar exercicios primariamente marciais."
"mobility>place_home_equipped>floor>general_mobility>general_mobility","mobility","failWrongResults","okWithResults","Resultado fora do tipo esperado: Technical stand-up lento","117","116","rota geral aceitava contexto marcial","Mobilidade geral deixa de aceitar exercicios primariamente marciais."
"mobility>place_home_equipped>wall>general_mobility>general_mobility","mobility","failWrongResults","okWithResults","Resultado fora do tipo esperado: Technical stand-up lento","117","116","rota geral aceitava contexto marcial","Mobilidade geral deixa de aceitar exercicios primariamente marciais."
"mobility>place_home_equipped>mat>general_mobility>general_mobility","mobility","failWrongResults","okWithResults","Resultado fora do tipo esperado: Technical stand-up lento","117","116","rota geral aceitava contexto marcial","Mobilidade geral deixa de aceitar exercicios primariamente marciais."
"mobility>place_gym>bodyweight>general_mobility>general_mobility","mobility","failWrongResults","okWithResults","Resultado fora do tipo esperado: Technical stand-up lento","122","121","rota geral aceitava contexto marcial","Mobilidade geral deixa de aceitar exercicios primariamente marciais."
"mobility>place_gym>floor>general_mobility>general_mobility","mobility","failWrongResults","okWithResults","Resultado fora do tipo esperado: Technical stand-up lento","122","121","rota geral aceitava contexto marcial","Mobilidade geral deixa de aceitar exercicios primariamente marciais."
"mobility>place_gym>wall>general_mobility>general_mobility","mobility","failWrongResults","okWithResults","Resultado fora do tipo esperado: Technical stand-up lento","122","121","rota geral aceitava contexto marcial","Mobilidade geral deixa de aceitar exercicios primariamente marciais."
"mobility>place_gym>mat>general_mobility>general_mobility","mobility","failWrongResults","okWithResults","Resultado fora do tipo esperado: Technical stand-up lento","122","121","rota geral aceitava contexto marcial","Mobilidade geral deixa de aceitar exercicios primariamente marciais."
"mobility>place_dojo>bodyweight>general_mobility>general_mobility","mobility","failWrongResults","okWithResults","Resultado fora do tipo esperado: Technical stand-up lento","117","116","rota geral aceitava contexto marcial","Mobilidade geral deixa de aceitar exercicios primariamente marciais."
"mobility>place_dojo>floor>general_mobility>general_mobility","mobility","failWrongResults","okWithResults","Resultado fora do tipo esperado: Technical stand-up lento","117","116","rota geral aceitava contexto marcial","Mobilidade geral deixa de aceitar exercicios primariamente marciais."
"mobility>place_dojo>wall>general_mobility>general_mobility","mobility","failWrongResults","okWithResults","Resultado fora do tipo esperado: Technical stand-up lento","117","116","rota geral aceitava contexto marcial","Mobilidade geral deixa de aceitar exercicios primariamente marciais."
"mobility>place_dojo>mat>general_mobility>general_mobility","mobility","failWrongResults","okWithResults","Resultado fora do tipo esperado: Technical stand-up lento","117","116","rota geral aceitava contexto marcial","Mobilidade geral deixa de aceitar exercicios primariamente marciais."
"mobility>place_tatami>bodyweight>general_mobility>general_mobility","mobility","failWrongResults","okWithResults","Resultado fora do tipo esperado: Technical stand-up lento","117","116","rota geral aceitava contexto marcial","Mobilidade geral deixa de aceitar exercicios primariamente marciais."
"mobility>place_tatami>floor>general_mobility>general_mobility","mobility","failWrongResults","okWithResults","Resultado fora do tipo esperado: Technical stand-up lento","117","116","rota geral aceitava contexto marcial","Mobilidade geral deixa de aceitar exercicios primariamente marciais."
"mobility>place_tatami>wall>general_mobility>general_mobility","mobility","failWrongResults","okWithResults","Resultado fora do tipo esperado: Technical stand-up lento","117","116","rota geral aceitava contexto marcial","Mobilidade geral deixa de aceitar exercicios primariamente marciais."
"mobility>place_tatami>mat>general_mobility>general_mobility","mobility","failWrongResults","okWithResults","Resultado fora do tipo esperado: Technical stand-up lento","117","116","rota geral aceitava contexto marcial","Mobilidade geral deixa de aceitar exercicios primariamente marciais."
"mobility>place_outdoor>bodyweight>general_mobility>general_mobility","mobility","failWrongResults","okWithResults","Resultado fora do tipo esperado: Technical stand-up lento","117","116","rota geral aceitava contexto marcial","Mobilidade geral deixa de aceitar exercicios primariamente marciais."
"mobility>place_outdoor>floor>general_mobility>general_mobility","mobility","failWrongResults","okWithResults","Resultado fora do tipo esperado: Technical stand-up lento","117","116","rota geral aceitava contexto marcial","Mobilidade geral deixa de aceitar exercicios primariamente marciais."
"mobility>place_outdoor>wall>general_mobility>general_mobility","mobility","failWrongResults","okWithResults","Resultado fora do tipo esperado: Technical stand-up lento","117","116","rota geral aceitava contexto marcial","Mobilidade geral deixa de aceitar exercicios primariamente marciais."
"mobility>place_outdoor>mat>general_mobility>general_mobility","mobility","failWrongResults","okWithResults","Resultado fora do tipo esperado: Technical stand-up lento","117","116","rota geral aceitava contexto marcial","Mobilidade geral deixa de aceitar exercicios primariamente marciais."
"mobility>place_work_travel>bodyweight>general_mobility>general_mobility","mobility","failWrongResults","okWithResults","Resultado fora do tipo esperado: Technical stand-up lento","117","116","rota geral aceitava contexto marcial","Mobilidade geral deixa de aceitar exercicios primariamente marciais."
"mobility>place_work_travel>floor>general_mobility>general_mobility","mobility","failWrongResults","okWithResults","Resultado fora do tipo esperado: Technical stand-up lento","117","116","rota geral aceitava contexto marcial","Mobilidade geral deixa de aceitar exercicios primariamente marciais."
"mobility>place_work_travel>wall>general_mobility>general_mobility","mobility","failWrongResults","okWithResults","Resultado fora do tipo esperado: Technical stand-up lento","117","116","rota geral aceitava contexto marcial","Mobilidade geral deixa de aceitar exercicios primariamente marciais."
"mobility>place_work_travel>mat>general_mobility>general_mobility","mobility","failWrongResults","okWithResults","Resultado fora do tipo esperado: Technical stand-up lento","117","116","rota geral aceitava contexto marcial","Mobilidade geral deixa de aceitar exercicios primariamente marciais."
"mobility>place_clinic>bodyweight>general_mobility>general_mobility","mobility","failWrongResults","okWithResults","Resultado fora do tipo esperado: Technical stand-up lento","117","116","rota geral aceitava contexto marcial","Mobilidade geral deixa de aceitar exercicios primariamente marciais."
"mobility>place_clinic>floor>general_mobility>general_mobility","mobility","failWrongResults","okWithResults","Resultado fora do tipo esperado: Technical stand-up lento","117","116","rota geral aceitava contexto marcial","Mobilidade geral deixa de aceitar exercicios primariamente marciais."
"mobility>place_clinic>wall>general_mobility>general_mobility","mobility","failWrongResults","okWithResults","Resultado fora do tipo esperado: Technical stand-up lento","117","116","rota geral aceitava contexto marcial","Mobilidade geral deixa de aceitar exercicios primariamente marciais."
"mobility>place_clinic>mat>general_mobility>general_mobility","mobility","failWrongResults","okWithResults","Resultado fora do tipo esperado: Technical stand-up lento","117","116","rota geral aceitava contexto marcial","Mobilidade geral deixa de aceitar exercicios primariamente marciais."
"recovery>place_home_no_equipment>bodyweight>easy_walk>easy_walk","recovery","failWrongResults","okWithResults","Resultado fora do tipo esperado: Respiração diafragmática, Caminhada leve, Relaxamento deitado, Respiração nasal lenta, Arrefecimento pós-treino de força","9","2","foco de recuperacao demasiado largo","Matriz aplica regras por foco: respiracao, caminhada, mobilidade leve, alongamento leve e recuperacao ativa."
"recovery>place_home_no_equipment>bodyweight>light_mobility>light_mobility","recovery","failWrongResults","okWithResults","Resultado fora do tipo esperado: Mobilidade torácica, Mobilidade de ombro, Mobilidade de anca, Círculos de ombro, Alongamento posterior do ombro","117","116","foco de recuperacao demasiado largo","Matriz aplica regras por foco: respiracao, caminhada, mobilidade leve, alongamento leve e recuperacao ativa."
"recovery>place_home_no_equipment>bodyweight>breathing>breathing","recovery","failWrongResults","okWithResults","Resultado fora do tipo esperado: Respiração diafragmática, Caminhada leve, Relaxamento deitado, Respiração nasal lenta, Respiração 90/90 com costelas baixas","7","6","foco de recuperacao demasiado largo","Matriz aplica regras por foco: respiracao, caminhada, mobilidade leve, alongamento leve e recuperacao ativa."
"recovery>place_home_no_equipment>bodyweight>active_recovery>active_recovery","recovery","failWrongResults","okWithResults","Resultado fora do tipo esperado: Respiração diafragmática, Caminhada leve, Relaxamento deitado, Respiração nasal lenta, Arrefecimento pós-treino de força","9","9","foco de recuperacao demasiado largo","Matriz aplica regras por foco: respiracao, caminhada, mobilidade leve, alongamento leve e recuperacao ativa."
"recovery>place_home_no_equipment>floor>easy_walk>easy_walk","recovery","failWrongResults","okWithResults","Resultado fora do tipo esperado: Respiração diafragmática, Caminhada leve, Relaxamento deitado, Respiração nasal lenta, Arrefecimento pós-treino de força","9","2","foco de recuperacao demasiado largo","Matriz aplica regras por foco: respiracao, caminhada, mobilidade leve, alongamento leve e recuperacao ativa."
"recovery>place_home_no_equipment>floor>light_mobility>light_mobility","recovery","failWrongResults","okWithResults","Resultado fora do tipo esperado: Mobilidade torácica, Mobilidade de ombro, Mobilidade de anca, Círculos de ombro, Alongamento posterior do ombro","117","116","foco de recuperacao demasiado largo","Matriz aplica regras por foco: respiracao, caminhada, mobilidade leve, alongamento leve e recuperacao ativa."
"recovery>place_home_no_equipment>floor>breathing>breathing","recovery","failWrongResults","okWithResults","Resultado fora do tipo esperado: Respiração diafragmática, Caminhada leve, Relaxamento deitado, Respiração nasal lenta, Respiração 90/90 com costelas baixas","7","6","foco de recuperacao demasiado largo","Matriz aplica regras por foco: respiracao, caminhada, mobilidade leve, alongamento leve e recuperacao ativa."
"recovery>place_home_no_equipment>floor>active_recovery>active_recovery","recovery","failWrongResults","okWithResults","Resultado fora do tipo esperado: Respiração diafragmática, Caminhada leve, Relaxamento deitado, Respiração nasal lenta, Arrefecimento pós-treino de força","9","9","foco de recuperacao demasiado largo","Matriz aplica regras por foco: respiracao, caminhada, mobilidade leve, alongamento leve e recuperacao ativa."
"recovery>place_home_no_equipment>wall>easy_walk>easy_walk","recovery","failWrongResults","okWithResults","Resultado fora do tipo esperado: Respiração diafragmática, Caminhada leve, Relaxamento deitado, Respiração nasal lenta, Arrefecimento pós-treino de força","9","2","foco de recuperacao demasiado largo","Matriz aplica regras por foco: respiracao, caminhada, mobilidade leve, alongamento leve e recuperacao ativa."
"recovery>place_home_no_equipment>wall>light_mobility>light_mobility","recovery","failWrongResults","okWithResults","Resultado fora do tipo esperado: Mobilidade torácica, Mobilidade de ombro, Mobilidade de anca, Círculos de ombro, Alongamento posterior do ombro","117","116","foco de recuperacao demasiado largo","Matriz aplica regras por foco: respiracao, caminhada, mobilidade leve, alongamento leve e recuperacao ativa."
"recovery>place_home_no_equipment>wall>breathing>breathing","recovery","failWrongResults","okWithResults","Resultado fora do tipo esperado: Respiração diafragmática, Caminhada leve, Relaxamento deitado, Respiração nasal lenta, Respiração 90/90 com costelas baixas","7","6","foco de recuperacao demasiado largo","Matriz aplica regras por foco: respiracao, caminhada, mobilidade leve, alongamento leve e recuperacao ativa."
"recovery>place_home_no_equipment>wall>active_recovery>active_recovery","recovery","failWrongResults","okWithResults","Resultado fora do tipo esperado: Respiração diafragmática, Caminhada leve, Relaxamento deitado, Respiração nasal lenta, Arrefecimento pós-treino de força","9","9","foco de recuperacao demasiado largo","Matriz aplica regras por foco: respiracao, caminhada, mobilidade leve, alongamento leve e recuperacao ativa."
"recovery>place_home_no_equipment>mat>easy_walk>easy_walk","recovery","failWrongResults","okWithResults","Resultado fora do tipo esperado: Respiração diafragmática, Caminhada leve, Relaxamento deitado, Respiração nasal lenta, Arrefecimento pós-treino de força","9","2","foco de recuperacao demasiado largo","Matriz aplica regras por foco: respiracao, caminhada, mobilidade leve, alongamento leve e recuperacao ativa."
"recovery>place_home_no_equipment>mat>light_mobility>light_mobility","recovery","failWrongResults","okWithResults","Resultado fora do tipo esperado: Mobilidade torácica, Mobilidade de ombro, Mobilidade de anca, Círculos de ombro, Alongamento posterior do ombro","117","116","foco de recuperacao demasiado largo","Matriz aplica regras por foco: respiracao, caminhada, mobilidade leve, alongamento leve e recuperacao ativa."
"recovery>place_home_no_equipment>mat>breathing>breathing","recovery","failWrongResults","okWithResults","Resultado fora do tipo esperado: Respiração diafragmática, Caminhada leve, Relaxamento deitado, Respiração nasal lenta, Respiração 90/90 com costelas baixas","7","6","foco de recuperacao demasiado largo","Matriz aplica regras por foco: respiracao, caminhada, mobilidade leve, alongamento leve e recuperacao ativa."
"recovery>place_home_no_equipment>mat>active_recovery>active_recovery","recovery","failWrongResults","okWithResults","Resultado fora do tipo esperado: Respiração diafragmática, Caminhada leve, Relaxamento deitado, Respiração nasal lenta, Arrefecimento pós-treino de força","9","9","foco de recuperacao demasiado largo","Matriz aplica regras por foco: respiracao, caminhada, mobilidade leve, alongamento leve e recuperacao ativa."
"recovery>place_home_equipped>bodyweight>easy_walk>easy_walk","recovery","failWrongResults","okWithResults","Resultado fora do tipo esperado: Respiração diafragmática, Caminhada leve, Relaxamento deitado, Respiração nasal lenta, Arrefecimento pós-treino de força","9","2","foco de recuperacao demasiado largo","Matriz aplica regras por foco: respiracao, caminhada, mobilidade leve, alongamento leve e recuperacao ativa."
"recovery>place_home_equipped>bodyweight>light_mobility>light_mobility","recovery","failWrongResults","okWithResults","Resultado fora do tipo esperado: Mobilidade torácica, Mobilidade de ombro, Mobilidade de anca, Círculos de ombro, Alongamento posterior do ombro","117","116","foco de recuperacao demasiado largo","Matriz aplica regras por foco: respiracao, caminhada, mobilidade leve, alongamento leve e recuperacao ativa."
"recovery>place_home_equipped>bodyweight>breathing>breathing","recovery","failWrongResults","okWithResults","Resultado fora do tipo esperado: Respiração diafragmática, Caminhada leve, Relaxamento deitado, Respiração nasal lenta, Respiração 90/90 com costelas baixas","7","6","foco de recuperacao demasiado largo","Matriz aplica regras por foco: respiracao, caminhada, mobilidade leve, alongamento leve e recuperacao ativa."
"recovery>place_home_equipped>bodyweight>active_recovery>active_recovery","recovery","failWrongResults","okWithResults","Resultado fora do tipo esperado: Respiração diafragmática, Caminhada leve, Relaxamento deitado, Respiração nasal lenta, Arrefecimento pós-treino de força","9","9","foco de recuperacao demasiado largo","Matriz aplica regras por foco: respiracao, caminhada, mobilidade leve, alongamento leve e recuperacao ativa."
"recovery>place_home_equipped>floor>easy_walk>easy_walk","recovery","failWrongResults","okWithResults","Resultado fora do tipo esperado: Respiração diafragmática, Caminhada leve, Relaxamento deitado, Respiração nasal lenta, Arrefecimento pós-treino de força","9","2","foco de recuperacao demasiado largo","Matriz aplica regras por foco: respiracao, caminhada, mobilidade leve, alongamento leve e recuperacao ativa."
"recovery>place_home_equipped>floor>light_mobility>light_mobility","recovery","failWrongResults","okWithResults","Resultado fora do tipo esperado: Mobilidade torácica, Mobilidade de ombro, Mobilidade de anca, Círculos de ombro, Alongamento posterior do ombro","117","116","foco de recuperacao demasiado largo","Matriz aplica regras por foco: respiracao, caminhada, mobilidade leve, alongamento leve e recuperacao ativa."
"recovery>place_home_equipped>floor>breathing>breathing","recovery","failWrongResults","okWithResults","Resultado fora do tipo esperado: Respiração diafragmática, Caminhada leve, Relaxamento deitado, Respiração nasal lenta, Respiração 90/90 com costelas baixas","7","6","foco de recuperacao demasiado largo","Matriz aplica regras por foco: respiracao, caminhada, mobilidade leve, alongamento leve e recuperacao ativa."
"recovery>place_home_equipped>floor>active_recovery>active_recovery","recovery","failWrongResults","okWithResults","Resultado fora do tipo esperado: Respiração diafragmática, Caminhada leve, Relaxamento deitado, Respiração nasal lenta, Arrefecimento pós-treino de força","9","9","foco de recuperacao demasiado largo","Matriz aplica regras por foco: respiracao, caminhada, mobilidade leve, alongamento leve e recuperacao ativa."
"recovery>place_home_equipped>wall>easy_walk>easy_walk","recovery","failWrongResults","okWithResults","Resultado fora do tipo esperado: Respiração diafragmática, Caminhada leve, Relaxamento deitado, Respiração nasal lenta, Arrefecimento pós-treino de força","9","2","foco de recuperacao demasiado largo","Matriz aplica regras por foco: respiracao, caminhada, mobilidade leve, alongamento leve e recuperacao ativa."
"recovery>place_home_equipped>wall>light_mobility>light_mobility","recovery","failWrongResults","okWithResults","Resultado fora do tipo esperado: Mobilidade torácica, Mobilidade de ombro, Mobilidade de anca, Círculos de ombro, Alongamento posterior do ombro","117","116","foco de recuperacao demasiado largo","Matriz aplica regras por foco: respiracao, caminhada, mobilidade leve, alongamento leve e recuperacao ativa."
"recovery>place_home_equipped>wall>breathing>breathing","recovery","failWrongResults","okWithResults","Resultado fora do tipo esperado: Respiração diafragmática, Caminhada leve, Relaxamento deitado, Respiração nasal lenta, Respiração 90/90 com costelas baixas","7","6","foco de recuperacao demasiado largo","Matriz aplica regras por foco: respiracao, caminhada, mobilidade leve, alongamento leve e recuperacao ativa."
"recovery>place_home_equipped>wall>active_recovery>active_recovery","recovery","failWrongResults","okWithResults","Resultado fora do tipo esperado: Respiração diafragmática, Caminhada leve, Relaxamento deitado, Respiração nasal lenta, Arrefecimento pós-treino de força","9","9","foco de recuperacao demasiado largo","Matriz aplica regras por foco: respiracao, caminhada, mobilidade leve, alongamento leve e recuperacao ativa."
"recovery>place_home_equipped>mat>easy_walk>easy_walk","recovery","failWrongResults","okWithResults","Resultado fora do tipo esperado: Respiração diafragmática, Caminhada leve, Relaxamento deitado, Respiração nasal lenta, Arrefecimento pós-treino de força","9","2","foco de recuperacao demasiado largo","Matriz aplica regras por foco: respiracao, caminhada, mobilidade leve, alongamento leve e recuperacao ativa."
"recovery>place_home_equipped>mat>light_mobility>light_mobility","recovery","failWrongResults","okWithResults","Resultado fora do tipo esperado: Mobilidade torácica, Mobilidade de ombro, Mobilidade de anca, Círculos de ombro, Alongamento posterior do ombro","117","116","foco de recuperacao demasiado largo","Matriz aplica regras por foco: respiracao, caminhada, mobilidade leve, alongamento leve e recuperacao ativa."
"recovery>place_home_equipped>mat>breathing>breathing","recovery","failWrongResults","okWithResults","Resultado fora do tipo esperado: Respiração diafragmática, Caminhada leve, Relaxamento deitado, Respiração nasal lenta, Respiração 90/90 com costelas baixas","7","6","foco de recuperacao demasiado largo","Matriz aplica regras por foco: respiracao, caminhada, mobilidade leve, alongamento leve e recuperacao ativa."
"recovery>place_home_equipped>mat>active_recovery>active_recovery","recovery","failWrongResults","okWithResults","Resultado fora do tipo esperado: Respiração diafragmática, Caminhada leve, Relaxamento deitado, Respiração nasal lenta, Arrefecimento pós-treino de força","9","9","foco de recuperacao demasiado largo","Matriz aplica regras por foco: respiracao, caminhada, mobilidade leve, alongamento leve e recuperacao ativa."
"recovery>place_gym>bodyweight>easy_walk>easy_walk","recovery","failWrongResults","okWithResults","Resultado fora do tipo esperado: Respiração diafragmática, Caminhada leve, Relaxamento deitado, Respiração nasal lenta, Arrefecimento pós-treino de força","9","2","foco de recuperacao demasiado largo","Matriz aplica regras por foco: respiracao, caminhada, mobilidade leve, alongamento leve e recuperacao ativa."
"recovery>place_gym>bodyweight>light_mobility>light_mobility","recovery","failWrongResults","okWithResults","Resultado fora do tipo esperado: Mobilidade torácica, Mobilidade de ombro, Mobilidade de anca, Círculos de ombro, Alongamento posterior do ombro","122","121","foco de recuperacao demasiado largo","Matriz aplica regras por foco: respiracao, caminhada, mobilidade leve, alongamento leve e recuperacao ativa."
"recovery>place_gym>bodyweight>breathing>breathing","recovery","failWrongResults","okWithResults","Resultado fora do tipo esperado: Respiração diafragmática, Caminhada leve, Relaxamento deitado, Respiração nasal lenta, Respiração 90/90 com costelas baixas","7","6","foco de recuperacao demasiado largo","Matriz aplica regras por foco: respiracao, caminhada, mobilidade leve, alongamento leve e recuperacao ativa."
"recovery>place_gym>bodyweight>active_recovery>active_recovery","recovery","failWrongResults","okWithResults","Resultado fora do tipo esperado: Respiração diafragmática, Caminhada leve, Relaxamento deitado, Respiração nasal lenta, Arrefecimento pós-treino de força","9","9","foco de recuperacao demasiado largo","Matriz aplica regras por foco: respiracao, caminhada, mobilidade leve, alongamento leve e recuperacao ativa."
"recovery>place_gym>floor>easy_walk>easy_walk","recovery","failWrongResults","okWithResults","Resultado fora do tipo esperado: Respiração diafragmática, Caminhada leve, Relaxamento deitado, Respiração nasal lenta, Arrefecimento pós-treino de força","9","2","foco de recuperacao demasiado largo","Matriz aplica regras por foco: respiracao, caminhada, mobilidade leve, alongamento leve e recuperacao ativa."
"recovery>place_gym>floor>light_mobility>light_mobility","recovery","failWrongResults","okWithResults","Resultado fora do tipo esperado: Mobilidade torácica, Mobilidade de ombro, Mobilidade de anca, Círculos de ombro, Alongamento posterior do ombro","122","121","foco de recuperacao demasiado largo","Matriz aplica regras por foco: respiracao, caminhada, mobilidade leve, alongamento leve e recuperacao ativa."
"recovery>place_gym>floor>breathing>breathing","recovery","failWrongResults","okWithResults","Resultado fora do tipo esperado: Respiração diafragmática, Caminhada leve, Relaxamento deitado, Respiração nasal lenta, Respiração 90/90 com costelas baixas","7","6","foco de recuperacao demasiado largo","Matriz aplica regras por foco: respiracao, caminhada, mobilidade leve, alongamento leve e recuperacao ativa."
"recovery>place_gym>floor>active_recovery>active_recovery","recovery","failWrongResults","okWithResults","Resultado fora do tipo esperado: Respiração diafragmática, Caminhada leve, Relaxamento deitado, Respiração nasal lenta, Arrefecimento pós-treino de força","9","9","foco de recuperacao demasiado largo","Matriz aplica regras por foco: respiracao, caminhada, mobilidade leve, alongamento leve e recuperacao ativa."
"recovery>place_gym>wall>easy_walk>easy_walk","recovery","failWrongResults","okWithResults","Resultado fora do tipo esperado: Respiração diafragmática, Caminhada leve, Relaxamento deitado, Respiração nasal lenta, Arrefecimento pós-treino de força","9","2","foco de recuperacao demasiado largo","Matriz aplica regras por foco: respiracao, caminhada, mobilidade leve, alongamento leve e recuperacao ativa."
"recovery>place_gym>wall>light_mobility>light_mobility","recovery","failWrongResults","okWithResults","Resultado fora do tipo esperado: Mobilidade torácica, Mobilidade de ombro, Mobilidade de anca, Círculos de ombro, Alongamento posterior do ombro","122","121","foco de recuperacao demasiado largo","Matriz aplica regras por foco: respiracao, caminhada, mobilidade leve, alongamento leve e recuperacao ativa."
"recovery>place_gym>wall>breathing>breathing","recovery","failWrongResults","okWithResults","Resultado fora do tipo esperado: Respiração diafragmática, Caminhada leve, Relaxamento deitado, Respiração nasal lenta, Respiração 90/90 com costelas baixas","7","6","foco de recuperacao demasiado largo","Matriz aplica regras por foco: respiracao, caminhada, mobilidade leve, alongamento leve e recuperacao ativa."
"recovery>place_gym>wall>active_recovery>active_recovery","recovery","failWrongResults","okWithResults","Resultado fora do tipo esperado: Respiração diafragmática, Caminhada leve, Relaxamento deitado, Respiração nasal lenta, Arrefecimento pós-treino de força","9","9","foco de recuperacao demasiado largo","Matriz aplica regras por foco: respiracao, caminhada, mobilidade leve, alongamento leve e recuperacao ativa."
"recovery>place_gym>mat>easy_walk>easy_walk","recovery","failWrongResults","okWithResults","Resultado fora do tipo esperado: Respiração diafragmática, Caminhada leve, Relaxamento deitado, Respiração nasal lenta, Arrefecimento pós-treino de força","9","2","foco de recuperacao demasiado largo","Matriz aplica regras por foco: respiracao, caminhada, mobilidade leve, alongamento leve e recuperacao ativa."
"recovery>place_gym>mat>light_mobility>light_mobility","recovery","failWrongResults","okWithResults","Resultado fora do tipo esperado: Mobilidade torácica, Mobilidade de ombro, Mobilidade de anca, Círculos de ombro, Alongamento posterior do ombro","122","121","foco de recuperacao demasiado largo","Matriz aplica regras por foco: respiracao, caminhada, mobilidade leve, alongamento leve e recuperacao ativa."
"recovery>place_gym>mat>breathing>breathing","recovery","failWrongResults","okWithResults","Resultado fora do tipo esperado: Respiração diafragmática, Caminhada leve, Relaxamento deitado, Respiração nasal lenta, Respiração 90/90 com costelas baixas","7","6","foco de recuperacao demasiado largo","Matriz aplica regras por foco: respiracao, caminhada, mobilidade leve, alongamento leve e recuperacao ativa."
"recovery>place_gym>mat>active_recovery>active_recovery","recovery","failWrongResults","okWithResults","Resultado fora do tipo esperado: Respiração diafragmática, Caminhada leve, Relaxamento deitado, Respiração nasal lenta, Arrefecimento pós-treino de força","9","9","foco de recuperacao demasiado largo","Matriz aplica regras por foco: respiracao, caminhada, mobilidade leve, alongamento leve e recuperacao ativa."
"recovery>place_dojo>bodyweight>easy_walk>easy_walk","recovery","failWrongResults","okWithResults","Resultado fora do tipo esperado: Respiração diafragmática, Caminhada leve, Relaxamento deitado, Respiração nasal lenta, Arrefecimento pós-treino de força","9","2","foco de recuperacao demasiado largo","Matriz aplica regras por foco: respiracao, caminhada, mobilidade leve, alongamento leve e recuperacao ativa."
"recovery>place_dojo>bodyweight>light_mobility>light_mobility","recovery","failWrongResults","okWithResults","Resultado fora do tipo esperado: Mobilidade torácica, Mobilidade de ombro, Mobilidade de anca, Círculos de ombro, Alongamento posterior do ombro","117","116","foco de recuperacao demasiado largo","Matriz aplica regras por foco: respiracao, caminhada, mobilidade leve, alongamento leve e recuperacao ativa."
"recovery>place_dojo>bodyweight>breathing>breathing","recovery","failWrongResults","okWithResults","Resultado fora do tipo esperado: Respiração diafragmática, Caminhada leve, Relaxamento deitado, Respiração nasal lenta, Respiração 90/90 com costelas baixas","7","6","foco de recuperacao demasiado largo","Matriz aplica regras por foco: respiracao, caminhada, mobilidade leve, alongamento leve e recuperacao ativa."
"recovery>place_dojo>bodyweight>active_recovery>active_recovery","recovery","failWrongResults","okWithResults","Resultado fora do tipo esperado: Respiração diafragmática, Caminhada leve, Relaxamento deitado, Respiração nasal lenta, Arrefecimento pós-treino de força","9","9","foco de recuperacao demasiado largo","Matriz aplica regras por foco: respiracao, caminhada, mobilidade leve, alongamento leve e recuperacao ativa."
"recovery>place_dojo>floor>easy_walk>easy_walk","recovery","failWrongResults","okWithResults","Resultado fora do tipo esperado: Respiração diafragmática, Caminhada leve, Relaxamento deitado, Respiração nasal lenta, Arrefecimento pós-treino de força","9","2","foco de recuperacao demasiado largo","Matriz aplica regras por foco: respiracao, caminhada, mobilidade leve, alongamento leve e recuperacao ativa."
"recovery>place_dojo>floor>light_mobility>light_mobility","recovery","failWrongResults","okWithResults","Resultado fora do tipo esperado: Mobilidade torácica, Mobilidade de ombro, Mobilidade de anca, Círculos de ombro, Alongamento posterior do ombro","117","116","foco de recuperacao demasiado largo","Matriz aplica regras por foco: respiracao, caminhada, mobilidade leve, alongamento leve e recuperacao ativa."
"recovery>place_dojo>floor>breathing>breathing","recovery","failWrongResults","okWithResults","Resultado fora do tipo esperado: Respiração diafragmática, Caminhada leve, Relaxamento deitado, Respiração nasal lenta, Respiração 90/90 com costelas baixas","7","6","foco de recuperacao demasiado largo","Matriz aplica regras por foco: respiracao, caminhada, mobilidade leve, alongamento leve e recuperacao ativa."
"recovery>place_dojo>floor>active_recovery>active_recovery","recovery","failWrongResults","okWithResults","Resultado fora do tipo esperado: Respiração diafragmática, Caminhada leve, Relaxamento deitado, Respiração nasal lenta, Arrefecimento pós-treino de força","9","9","foco de recuperacao demasiado largo","Matriz aplica regras por foco: respiracao, caminhada, mobilidade leve, alongamento leve e recuperacao ativa."
"recovery>place_dojo>wall>easy_walk>easy_walk","recovery","failWrongResults","okWithResults","Resultado fora do tipo esperado: Respiração diafragmática, Caminhada leve, Relaxamento deitado, Respiração nasal lenta, Arrefecimento pós-treino de força","9","2","foco de recuperacao demasiado largo","Matriz aplica regras por foco: respiracao, caminhada, mobilidade leve, alongamento leve e recuperacao ativa."
"recovery>place_dojo>wall>light_mobility>light_mobility","recovery","failWrongResults","okWithResults","Resultado fora do tipo esperado: Mobilidade torácica, Mobilidade de ombro, Mobilidade de anca, Círculos de ombro, Alongamento posterior do ombro","117","116","foco de recuperacao demasiado largo","Matriz aplica regras por foco: respiracao, caminhada, mobilidade leve, alongamento leve e recuperacao ativa."
"recovery>place_dojo>wall>breathing>breathing","recovery","failWrongResults","okWithResults","Resultado fora do tipo esperado: Respiração diafragmática, Caminhada leve, Relaxamento deitado, Respiração nasal lenta, Respiração 90/90 com costelas baixas","7","6","foco de recuperacao demasiado largo","Matriz aplica regras por foco: respiracao, caminhada, mobilidade leve, alongamento leve e recuperacao ativa."
"recovery>place_dojo>wall>active_recovery>active_recovery","recovery","failWrongResults","okWithResults","Resultado fora do tipo esperado: Respiração diafragmática, Caminhada leve, Relaxamento deitado, Respiração nasal lenta, Arrefecimento pós-treino de força","9","9","foco de recuperacao demasiado largo","Matriz aplica regras por foco: respiracao, caminhada, mobilidade leve, alongamento leve e recuperacao ativa."
"recovery>place_dojo>mat>easy_walk>easy_walk","recovery","failWrongResults","okWithResults","Resultado fora do tipo esperado: Respiração diafragmática, Caminhada leve, Relaxamento deitado, Respiração nasal lenta, Arrefecimento pós-treino de força","9","2","foco de recuperacao demasiado largo","Matriz aplica regras por foco: respiracao, caminhada, mobilidade leve, alongamento leve e recuperacao ativa."
"recovery>place_dojo>mat>light_mobility>light_mobility","recovery","failWrongResults","okWithResults","Resultado fora do tipo esperado: Mobilidade torácica, Mobilidade de ombro, Mobilidade de anca, Círculos de ombro, Alongamento posterior do ombro","117","116","foco de recuperacao demasiado largo","Matriz aplica regras por foco: respiracao, caminhada, mobilidade leve, alongamento leve e recuperacao ativa."
"recovery>place_dojo>mat>breathing>breathing","recovery","failWrongResults","okWithResults","Resultado fora do tipo esperado: Respiração diafragmática, Caminhada leve, Relaxamento deitado, Respiração nasal lenta, Respiração 90/90 com costelas baixas","7","6","foco de recuperacao demasiado largo","Matriz aplica regras por foco: respiracao, caminhada, mobilidade leve, alongamento leve e recuperacao ativa."
"recovery>place_dojo>mat>active_recovery>active_recovery","recovery","failWrongResults","okWithResults","Resultado fora do tipo esperado: Respiração diafragmática, Caminhada leve, Relaxamento deitado, Respiração nasal lenta, Arrefecimento pós-treino de força","9","9","foco de recuperacao demasiado largo","Matriz aplica regras por foco: respiracao, caminhada, mobilidade leve, alongamento leve e recuperacao ativa."
"recovery>place_tatami>bodyweight>easy_walk>easy_walk","recovery","failWrongResults","okWithResults","Resultado fora do tipo esperado: Respiração diafragmática, Caminhada leve, Relaxamento deitado, Respiração nasal lenta, Arrefecimento pós-treino de força","9","2","foco de recuperacao demasiado largo","Matriz aplica regras por foco: respiracao, caminhada, mobilidade leve, alongamento leve e recuperacao ativa."
"recovery>place_tatami>bodyweight>light_mobility>light_mobility","recovery","failWrongResults","okWithResults","Resultado fora do tipo esperado: Mobilidade torácica, Mobilidade de ombro, Mobilidade de anca, Círculos de ombro, Alongamento posterior do ombro","117","116","foco de recuperacao demasiado largo","Matriz aplica regras por foco: respiracao, caminhada, mobilidade leve, alongamento leve e recuperacao ativa."
"recovery>place_tatami>bodyweight>breathing>breathing","recovery","failWrongResults","okWithResults","Resultado fora do tipo esperado: Respiração diafragmática, Caminhada leve, Relaxamento deitado, Respiração nasal lenta, Respiração 90/90 com costelas baixas","7","6","foco de recuperacao demasiado largo","Matriz aplica regras por foco: respiracao, caminhada, mobilidade leve, alongamento leve e recuperacao ativa."
"recovery>place_tatami>bodyweight>active_recovery>active_recovery","recovery","failWrongResults","okWithResults","Resultado fora do tipo esperado: Respiração diafragmática, Caminhada leve, Relaxamento deitado, Respiração nasal lenta, Arrefecimento pós-treino de força","9","9","foco de recuperacao demasiado largo","Matriz aplica regras por foco: respiracao, caminhada, mobilidade leve, alongamento leve e recuperacao ativa."
"recovery>place_tatami>floor>easy_walk>easy_walk","recovery","failWrongResults","okWithResults","Resultado fora do tipo esperado: Respiração diafragmática, Caminhada leve, Relaxamento deitado, Respiração nasal lenta, Arrefecimento pós-treino de força","9","2","foco de recuperacao demasiado largo","Matriz aplica regras por foco: respiracao, caminhada, mobilidade leve, alongamento leve e recuperacao ativa."
"recovery>place_tatami>floor>light_mobility>light_mobility","recovery","failWrongResults","okWithResults","Resultado fora do tipo esperado: Mobilidade torácica, Mobilidade de ombro, Mobilidade de anca, Círculos de ombro, Alongamento posterior do ombro","117","116","foco de recuperacao demasiado largo","Matriz aplica regras por foco: respiracao, caminhada, mobilidade leve, alongamento leve e recuperacao ativa."
"recovery>place_tatami>floor>breathing>breathing","recovery","failWrongResults","okWithResults","Resultado fora do tipo esperado: Respiração diafragmática, Caminhada leve, Relaxamento deitado, Respiração nasal lenta, Respiração 90/90 com costelas baixas","7","6","foco de recuperacao demasiado largo","Matriz aplica regras por foco: respiracao, caminhada, mobilidade leve, alongamento leve e recuperacao ativa."
"recovery>place_tatami>floor>active_recovery>active_recovery","recovery","failWrongResults","okWithResults","Resultado fora do tipo esperado: Respiração diafragmática, Caminhada leve, Relaxamento deitado, Respiração nasal lenta, Arrefecimento pós-treino de força","9","9","foco de recuperacao demasiado largo","Matriz aplica regras por foco: respiracao, caminhada, mobilidade leve, alongamento leve e recuperacao ativa."
"recovery>place_tatami>wall>easy_walk>easy_walk","recovery","failWrongResults","okWithResults","Resultado fora do tipo esperado: Respiração diafragmática, Caminhada leve, Relaxamento deitado, Respiração nasal lenta, Arrefecimento pós-treino de força","9","2","foco de recuperacao demasiado largo","Matriz aplica regras por foco: respiracao, caminhada, mobilidade leve, alongamento leve e recuperacao ativa."
"recovery>place_tatami>wall>light_mobility>light_mobility","recovery","failWrongResults","okWithResults","Resultado fora do tipo esperado: Mobilidade torácica, Mobilidade de ombro, Mobilidade de anca, Círculos de ombro, Alongamento posterior do ombro","117","116","foco de recuperacao demasiado largo","Matriz aplica regras por foco: respiracao, caminhada, mobilidade leve, alongamento leve e recuperacao ativa."
"recovery>place_tatami>wall>breathing>breathing","recovery","failWrongResults","okWithResults","Resultado fora do tipo esperado: Respiração diafragmática, Caminhada leve, Relaxamento deitado, Respiração nasal lenta, Respiração 90/90 com costelas baixas","7","6","foco de recuperacao demasiado largo","Matriz aplica regras por foco: respiracao, caminhada, mobilidade leve, alongamento leve e recuperacao ativa."
"recovery>place_tatami>wall>active_recovery>active_recovery","recovery","failWrongResults","okWithResults","Resultado fora do tipo esperado: Respiração diafragmática, Caminhada leve, Relaxamento deitado, Respiração nasal lenta, Arrefecimento pós-treino de força","9","9","foco de recuperacao demasiado largo","Matriz aplica regras por foco: respiracao, caminhada, mobilidade leve, alongamento leve e recuperacao ativa."
"recovery>place_tatami>mat>easy_walk>easy_walk","recovery","failWrongResults","okWithResults","Resultado fora do tipo esperado: Respiração diafragmática, Caminhada leve, Relaxamento deitado, Respiração nasal lenta, Arrefecimento pós-treino de força","9","2","foco de recuperacao demasiado largo","Matriz aplica regras por foco: respiracao, caminhada, mobilidade leve, alongamento leve e recuperacao ativa."
"recovery>place_tatami>mat>light_mobility>light_mobility","recovery","failWrongResults","okWithResults","Resultado fora do tipo esperado: Mobilidade torácica, Mobilidade de ombro, Mobilidade de anca, Círculos de ombro, Alongamento posterior do ombro","117","116","foco de recuperacao demasiado largo","Matriz aplica regras por foco: respiracao, caminhada, mobilidade leve, alongamento leve e recuperacao ativa."
"recovery>place_tatami>mat>breathing>breathing","recovery","failWrongResults","okWithResults","Resultado fora do tipo esperado: Respiração diafragmática, Caminhada leve, Relaxamento deitado, Respiração nasal lenta, Respiração 90/90 com costelas baixas","7","6","foco de recuperacao demasiado largo","Matriz aplica regras por foco: respiracao, caminhada, mobilidade leve, alongamento leve e recuperacao ativa."
"recovery>place_tatami>mat>active_recovery>active_recovery","recovery","failWrongResults","okWithResults","Resultado fora do tipo esperado: Respiração diafragmática, Caminhada leve, Relaxamento deitado, Respiração nasal lenta, Arrefecimento pós-treino de força","9","9","foco de recuperacao demasiado largo","Matriz aplica regras por foco: respiracao, caminhada, mobilidade leve, alongamento leve e recuperacao ativa."
"recovery>place_outdoor>bodyweight>easy_walk>easy_walk","recovery","failWrongResults","okWithResults","Resultado fora do tipo esperado: Respiração diafragmática, Caminhada leve, Relaxamento deitado, Respiração nasal lenta, Arrefecimento pós-treino de força","9","2","foco de recuperacao demasiado largo","Matriz aplica regras por foco: respiracao, caminhada, mobilidade leve, alongamento leve e recuperacao ativa."
"recovery>place_outdoor>bodyweight>light_mobility>light_mobility","recovery","failWrongResults","okWithResults","Resultado fora do tipo esperado: Mobilidade torácica, Mobilidade de ombro, Mobilidade de anca, Círculos de ombro, Alongamento posterior do ombro","117","116","foco de recuperacao demasiado largo","Matriz aplica regras por foco: respiracao, caminhada, mobilidade leve, alongamento leve e recuperacao ativa."
"recovery>place_outdoor>bodyweight>breathing>breathing","recovery","failWrongResults","okWithResults","Resultado fora do tipo esperado: Respiração diafragmática, Caminhada leve, Relaxamento deitado, Respiração nasal lenta, Respiração 90/90 com costelas baixas","7","6","foco de recuperacao demasiado largo","Matriz aplica regras por foco: respiracao, caminhada, mobilidade leve, alongamento leve e recuperacao ativa."
"recovery>place_outdoor>bodyweight>active_recovery>active_recovery","recovery","failWrongResults","okWithResults","Resultado fora do tipo esperado: Respiração diafragmática, Caminhada leve, Relaxamento deitado, Respiração nasal lenta, Arrefecimento pós-treino de força","9","9","foco de recuperacao demasiado largo","Matriz aplica regras por foco: respiracao, caminhada, mobilidade leve, alongamento leve e recuperacao ativa."
"recovery>place_outdoor>floor>easy_walk>easy_walk","recovery","failWrongResults","okWithResults","Resultado fora do tipo esperado: Respiração diafragmática, Caminhada leve, Relaxamento deitado, Respiração nasal lenta, Arrefecimento pós-treino de força","9","2","foco de recuperacao demasiado largo","Matriz aplica regras por foco: respiracao, caminhada, mobilidade leve, alongamento leve e recuperacao ativa."
"recovery>place_outdoor>floor>light_mobility>light_mobility","recovery","failWrongResults","okWithResults","Resultado fora do tipo esperado: Mobilidade torácica, Mobilidade de ombro, Mobilidade de anca, Círculos de ombro, Alongamento posterior do ombro","117","116","foco de recuperacao demasiado largo","Matriz aplica regras por foco: respiracao, caminhada, mobilidade leve, alongamento leve e recuperacao ativa."
"recovery>place_outdoor>floor>breathing>breathing","recovery","failWrongResults","okWithResults","Resultado fora do tipo esperado: Respiração diafragmática, Caminhada leve, Relaxamento deitado, Respiração nasal lenta, Respiração 90/90 com costelas baixas","7","6","foco de recuperacao demasiado largo","Matriz aplica regras por foco: respiracao, caminhada, mobilidade leve, alongamento leve e recuperacao ativa."
"recovery>place_outdoor>floor>active_recovery>active_recovery","recovery","failWrongResults","okWithResults","Resultado fora do tipo esperado: Respiração diafragmática, Caminhada leve, Relaxamento deitado, Respiração nasal lenta, Arrefecimento pós-treino de força","9","9","foco de recuperacao demasiado largo","Matriz aplica regras por foco: respiracao, caminhada, mobilidade leve, alongamento leve e recuperacao ativa."
"recovery>place_outdoor>wall>easy_walk>easy_walk","recovery","failWrongResults","okWithResults","Resultado fora do tipo esperado: Respiração diafragmática, Caminhada leve, Relaxamento deitado, Respiração nasal lenta, Arrefecimento pós-treino de força","9","2","foco de recuperacao demasiado largo","Matriz aplica regras por foco: respiracao, caminhada, mobilidade leve, alongamento leve e recuperacao ativa."
"recovery>place_outdoor>wall>light_mobility>light_mobility","recovery","failWrongResults","okWithResults","Resultado fora do tipo esperado: Mobilidade torácica, Mobilidade de ombro, Mobilidade de anca, Círculos de ombro, Alongamento posterior do ombro","117","116","foco de recuperacao demasiado largo","Matriz aplica regras por foco: respiracao, caminhada, mobilidade leve, alongamento leve e recuperacao ativa."
"recovery>place_outdoor>wall>breathing>breathing","recovery","failWrongResults","okWithResults","Resultado fora do tipo esperado: Respiração diafragmática, Caminhada leve, Relaxamento deitado, Respiração nasal lenta, Respiração 90/90 com costelas baixas","7","6","foco de recuperacao demasiado largo","Matriz aplica regras por foco: respiracao, caminhada, mobilidade leve, alongamento leve e recuperacao ativa."
"recovery>place_outdoor>wall>active_recovery>active_recovery","recovery","failWrongResults","okWithResults","Resultado fora do tipo esperado: Respiração diafragmática, Caminhada leve, Relaxamento deitado, Respiração nasal lenta, Arrefecimento pós-treino de força","9","9","foco de recuperacao demasiado largo","Matriz aplica regras por foco: respiracao, caminhada, mobilidade leve, alongamento leve e recuperacao ativa."
"recovery>place_outdoor>mat>easy_walk>easy_walk","recovery","failWrongResults","okWithResults","Resultado fora do tipo esperado: Respiração diafragmática, Caminhada leve, Relaxamento deitado, Respiração nasal lenta, Arrefecimento pós-treino de força","9","2","foco de recuperacao demasiado largo","Matriz aplica regras por foco: respiracao, caminhada, mobilidade leve, alongamento leve e recuperacao ativa."
"recovery>place_outdoor>mat>light_mobility>light_mobility","recovery","failWrongResults","okWithResults","Resultado fora do tipo esperado: Mobilidade torácica, Mobilidade de ombro, Mobilidade de anca, Círculos de ombro, Alongamento posterior do ombro","117","116","foco de recuperacao demasiado largo","Matriz aplica regras por foco: respiracao, caminhada, mobilidade leve, alongamento leve e recuperacao ativa."
"recovery>place_outdoor>mat>breathing>breathing","recovery","failWrongResults","okWithResults","Resultado fora do tipo esperado: Respiração diafragmática, Caminhada leve, Relaxamento deitado, Respiração nasal lenta, Respiração 90/90 com costelas baixas","7","6","foco de recuperacao demasiado largo","Matriz aplica regras por foco: respiracao, caminhada, mobilidade leve, alongamento leve e recuperacao ativa."
"recovery>place_outdoor>mat>active_recovery>active_recovery","recovery","failWrongResults","okWithResults","Resultado fora do tipo esperado: Respiração diafragmática, Caminhada leve, Relaxamento deitado, Respiração nasal lenta, Arrefecimento pós-treino de força","9","9","foco de recuperacao demasiado largo","Matriz aplica regras por foco: respiracao, caminhada, mobilidade leve, alongamento leve e recuperacao ativa."
"recovery>place_work_travel>bodyweight>easy_walk>easy_walk","recovery","failWrongResults","okWithResults","Resultado fora do tipo esperado: Respiração diafragmática, Caminhada leve, Relaxamento deitado, Respiração nasal lenta, Arrefecimento pós-treino de força","9","2","foco de recuperacao demasiado largo","Matriz aplica regras por foco: respiracao, caminhada, mobilidade leve, alongamento leve e recuperacao ativa."
"recovery>place_work_travel>bodyweight>light_mobility>light_mobility","recovery","failWrongResults","okWithResults","Resultado fora do tipo esperado: Mobilidade torácica, Mobilidade de ombro, Mobilidade de anca, Círculos de ombro, Alongamento posterior do ombro","117","116","foco de recuperacao demasiado largo","Matriz aplica regras por foco: respiracao, caminhada, mobilidade leve, alongamento leve e recuperacao ativa."
"recovery>place_work_travel>bodyweight>breathing>breathing","recovery","failWrongResults","okWithResults","Resultado fora do tipo esperado: Respiração diafragmática, Caminhada leve, Relaxamento deitado, Respiração nasal lenta, Respiração 90/90 com costelas baixas","7","6","foco de recuperacao demasiado largo","Matriz aplica regras por foco: respiracao, caminhada, mobilidade leve, alongamento leve e recuperacao ativa."
"recovery>place_work_travel>bodyweight>active_recovery>active_recovery","recovery","failWrongResults","okWithResults","Resultado fora do tipo esperado: Respiração diafragmática, Caminhada leve, Relaxamento deitado, Respiração nasal lenta, Arrefecimento pós-treino de força","9","9","foco de recuperacao demasiado largo","Matriz aplica regras por foco: respiracao, caminhada, mobilidade leve, alongamento leve e recuperacao ativa."
"recovery>place_work_travel>floor>easy_walk>easy_walk","recovery","failWrongResults","okWithResults","Resultado fora do tipo esperado: Respiração diafragmática, Caminhada leve, Relaxamento deitado, Respiração nasal lenta, Arrefecimento pós-treino de força","9","2","foco de recuperacao demasiado largo","Matriz aplica regras por foco: respiracao, caminhada, mobilidade leve, alongamento leve e recuperacao ativa."
"recovery>place_work_travel>floor>light_mobility>light_mobility","recovery","failWrongResults","okWithResults","Resultado fora do tipo esperado: Mobilidade torácica, Mobilidade de ombro, Mobilidade de anca, Círculos de ombro, Alongamento posterior do ombro","117","116","foco de recuperacao demasiado largo","Matriz aplica regras por foco: respiracao, caminhada, mobilidade leve, alongamento leve e recuperacao ativa."
"recovery>place_work_travel>floor>breathing>breathing","recovery","failWrongResults","okWithResults","Resultado fora do tipo esperado: Respiração diafragmática, Caminhada leve, Relaxamento deitado, Respiração nasal lenta, Respiração 90/90 com costelas baixas","7","6","foco de recuperacao demasiado largo","Matriz aplica regras por foco: respiracao, caminhada, mobilidade leve, alongamento leve e recuperacao ativa."
"recovery>place_work_travel>floor>active_recovery>active_recovery","recovery","failWrongResults","okWithResults","Resultado fora do tipo esperado: Respiração diafragmática, Caminhada leve, Relaxamento deitado, Respiração nasal lenta, Arrefecimento pós-treino de força","9","9","foco de recuperacao demasiado largo","Matriz aplica regras por foco: respiracao, caminhada, mobilidade leve, alongamento leve e recuperacao ativa."
"recovery>place_work_travel>wall>easy_walk>easy_walk","recovery","failWrongResults","okWithResults","Resultado fora do tipo esperado: Respiração diafragmática, Caminhada leve, Relaxamento deitado, Respiração nasal lenta, Arrefecimento pós-treino de força","9","2","foco de recuperacao demasiado largo","Matriz aplica regras por foco: respiracao, caminhada, mobilidade leve, alongamento leve e recuperacao ativa."
"recovery>place_work_travel>wall>light_mobility>light_mobility","recovery","failWrongResults","okWithResults","Resultado fora do tipo esperado: Mobilidade torácica, Mobilidade de ombro, Mobilidade de anca, Círculos de ombro, Alongamento posterior do ombro","117","116","foco de recuperacao demasiado largo","Matriz aplica regras por foco: respiracao, caminhada, mobilidade leve, alongamento leve e recuperacao ativa."
"recovery>place_work_travel>wall>breathing>breathing","recovery","failWrongResults","okWithResults","Resultado fora do tipo esperado: Respiração diafragmática, Caminhada leve, Relaxamento deitado, Respiração nasal lenta, Respiração 90/90 com costelas baixas","7","6","foco de recuperacao demasiado largo","Matriz aplica regras por foco: respiracao, caminhada, mobilidade leve, alongamento leve e recuperacao ativa."
"recovery>place_work_travel>wall>active_recovery>active_recovery","recovery","failWrongResults","okWithResults","Resultado fora do tipo esperado: Respiração diafragmática, Caminhada leve, Relaxamento deitado, Respiração nasal lenta, Arrefecimento pós-treino de força","9","9","foco de recuperacao demasiado largo","Matriz aplica regras por foco: respiracao, caminhada, mobilidade leve, alongamento leve e recuperacao ativa."
"recovery>place_work_travel>mat>easy_walk>easy_walk","recovery","failWrongResults","okWithResults","Resultado fora do tipo esperado: Respiração diafragmática, Caminhada leve, Relaxamento deitado, Respiração nasal lenta, Arrefecimento pós-treino de força","9","2","foco de recuperacao demasiado largo","Matriz aplica regras por foco: respiracao, caminhada, mobilidade leve, alongamento leve e recuperacao ativa."
"recovery>place_work_travel>mat>light_mobility>light_mobility","recovery","failWrongResults","okWithResults","Resultado fora do tipo esperado: Mobilidade torácica, Mobilidade de ombro, Mobilidade de anca, Círculos de ombro, Alongamento posterior do ombro","117","116","foco de recuperacao demasiado largo","Matriz aplica regras por foco: respiracao, caminhada, mobilidade leve, alongamento leve e recuperacao ativa."
"recovery>place_work_travel>mat>breathing>breathing","recovery","failWrongResults","okWithResults","Resultado fora do tipo esperado: Respiração diafragmática, Caminhada leve, Relaxamento deitado, Respiração nasal lenta, Respiração 90/90 com costelas baixas","7","6","foco de recuperacao demasiado largo","Matriz aplica regras por foco: respiracao, caminhada, mobilidade leve, alongamento leve e recuperacao ativa."
"recovery>place_work_travel>mat>active_recovery>active_recovery","recovery","failWrongResults","okWithResults","Resultado fora do tipo esperado: Respiração diafragmática, Caminhada leve, Relaxamento deitado, Respiração nasal lenta, Arrefecimento pós-treino de força","9","9","foco de recuperacao demasiado largo","Matriz aplica regras por foco: respiracao, caminhada, mobilidade leve, alongamento leve e recuperacao ativa."
"recovery>place_clinic>bodyweight>easy_walk>easy_walk","recovery","failWrongResults","okWithResults","Resultado fora do tipo esperado: Respiração diafragmática, Caminhada leve, Relaxamento deitado, Respiração nasal lenta, Arrefecimento pós-treino de força","9","2","foco de recuperacao demasiado largo","Matriz aplica regras por foco: respiracao, caminhada, mobilidade leve, alongamento leve e recuperacao ativa."
"recovery>place_clinic>bodyweight>light_mobility>light_mobility","recovery","failWrongResults","okWithResults","Resultado fora do tipo esperado: Mobilidade torácica, Mobilidade de ombro, Mobilidade de anca, Círculos de ombro, Alongamento posterior do ombro","117","116","foco de recuperacao demasiado largo","Matriz aplica regras por foco: respiracao, caminhada, mobilidade leve, alongamento leve e recuperacao ativa."
"recovery>place_clinic>bodyweight>breathing>breathing","recovery","failWrongResults","okWithResults","Resultado fora do tipo esperado: Respiração diafragmática, Caminhada leve, Relaxamento deitado, Respiração nasal lenta, Respiração 90/90 com costelas baixas","7","6","foco de recuperacao demasiado largo","Matriz aplica regras por foco: respiracao, caminhada, mobilidade leve, alongamento leve e recuperacao ativa."
"recovery>place_clinic>bodyweight>active_recovery>active_recovery","recovery","failWrongResults","okWithResults","Resultado fora do tipo esperado: Respiração diafragmática, Caminhada leve, Relaxamento deitado, Respiração nasal lenta, Arrefecimento pós-treino de força","9","9","foco de recuperacao demasiado largo","Matriz aplica regras por foco: respiracao, caminhada, mobilidade leve, alongamento leve e recuperacao ativa."
"recovery>place_clinic>floor>easy_walk>easy_walk","recovery","failWrongResults","okWithResults","Resultado fora do tipo esperado: Respiração diafragmática, Caminhada leve, Relaxamento deitado, Respiração nasal lenta, Arrefecimento pós-treino de força","9","2","foco de recuperacao demasiado largo","Matriz aplica regras por foco: respiracao, caminhada, mobilidade leve, alongamento leve e recuperacao ativa."
"recovery>place_clinic>floor>light_mobility>light_mobility","recovery","failWrongResults","okWithResults","Resultado fora do tipo esperado: Mobilidade torácica, Mobilidade de ombro, Mobilidade de anca, Círculos de ombro, Alongamento posterior do ombro","117","116","foco de recuperacao demasiado largo","Matriz aplica regras por foco: respiracao, caminhada, mobilidade leve, alongamento leve e recuperacao ativa."
"recovery>place_clinic>floor>breathing>breathing","recovery","failWrongResults","okWithResults","Resultado fora do tipo esperado: Respiração diafragmática, Caminhada leve, Relaxamento deitado, Respiração nasal lenta, Respiração 90/90 com costelas baixas","7","6","foco de recuperacao demasiado largo","Matriz aplica regras por foco: respiracao, caminhada, mobilidade leve, alongamento leve e recuperacao ativa."
"recovery>place_clinic>floor>active_recovery>active_recovery","recovery","failWrongResults","okWithResults","Resultado fora do tipo esperado: Respiração diafragmática, Caminhada leve, Relaxamento deitado, Respiração nasal lenta, Arrefecimento pós-treino de força","9","9","foco de recuperacao demasiado largo","Matriz aplica regras por foco: respiracao, caminhada, mobilidade leve, alongamento leve e recuperacao ativa."
"recovery>place_clinic>wall>easy_walk>easy_walk","recovery","failWrongResults","okWithResults","Resultado fora do tipo esperado: Respiração diafragmática, Caminhada leve, Relaxamento deitado, Respiração nasal lenta, Arrefecimento pós-treino de força","9","2","foco de recuperacao demasiado largo","Matriz aplica regras por foco: respiracao, caminhada, mobilidade leve, alongamento leve e recuperacao ativa."
"recovery>place_clinic>wall>light_mobility>light_mobility","recovery","failWrongResults","okWithResults","Resultado fora do tipo esperado: Mobilidade torácica, Mobilidade de ombro, Mobilidade de anca, Círculos de ombro, Alongamento posterior do ombro","117","116","foco de recuperacao demasiado largo","Matriz aplica regras por foco: respiracao, caminhada, mobilidade leve, alongamento leve e recuperacao ativa."
"recovery>place_clinic>wall>breathing>breathing","recovery","failWrongResults","okWithResults","Resultado fora do tipo esperado: Respiração diafragmática, Caminhada leve, Relaxamento deitado, Respiração nasal lenta, Respiração 90/90 com costelas baixas","7","6","foco de recuperacao demasiado largo","Matriz aplica regras por foco: respiracao, caminhada, mobilidade leve, alongamento leve e recuperacao ativa."
"recovery>place_clinic>wall>active_recovery>active_recovery","recovery","failWrongResults","okWithResults","Resultado fora do tipo esperado: Respiração diafragmática, Caminhada leve, Relaxamento deitado, Respiração nasal lenta, Arrefecimento pós-treino de força","9","9","foco de recuperacao demasiado largo","Matriz aplica regras por foco: respiracao, caminhada, mobilidade leve, alongamento leve e recuperacao ativa."
"recovery>place_clinic>mat>easy_walk>easy_walk","recovery","failWrongResults","okWithResults","Resultado fora do tipo esperado: Respiração diafragmática, Caminhada leve, Relaxamento deitado, Respiração nasal lenta, Arrefecimento pós-treino de força","9","2","foco de recuperacao demasiado largo","Matriz aplica regras por foco: respiracao, caminhada, mobilidade leve, alongamento leve e recuperacao ativa."
"recovery>place_clinic>mat>light_mobility>light_mobility","recovery","failWrongResults","okWithResults","Resultado fora do tipo esperado: Mobilidade torácica, Mobilidade de ombro, Mobilidade de anca, Círculos de ombro, Alongamento posterior do ombro","117","116","foco de recuperacao demasiado largo","Matriz aplica regras por foco: respiracao, caminhada, mobilidade leve, alongamento leve e recuperacao ativa."
"recovery>place_clinic>mat>breathing>breathing","recovery","failWrongResults","okWithResults","Resultado fora do tipo esperado: Respiração diafragmática, Caminhada leve, Relaxamento deitado, Respiração nasal lenta, Respiração 90/90 com costelas baixas","7","6","foco de recuperacao demasiado largo","Matriz aplica regras por foco: respiracao, caminhada, mobilidade leve, alongamento leve e recuperacao ativa."
"recovery>place_clinic>mat>active_recovery>active_recovery","recovery","failWrongResults","okWithResults","Resultado fora do tipo esperado: Respiração diafragmática, Caminhada leve, Relaxamento deitado, Respiração nasal lenta, Arrefecimento pós-treino de força","9","9","foco de recuperacao demasiado largo","Matriz aplica regras por foco: respiracao, caminhada, mobilidade leve, alongamento leve e recuperacao ativa."
